ID,Hour_of_Day,Days since last checkin,Check Ins,Contacts Created,Images Uploaded,Notes Written,Checkin_w_images,Checkin_w_Contact,Checkin_w_Note,Checkin_w_I_C,Checkin_w_C_N,Checkin_w_I_N,Checkin_w_All,Distance,FundraisingYear,day of week,day of month,% of Campaign,Campaign Day Funds,Past 1-3 avg,Past 3-6 avg,Future 0-3 avg,Change in past week,Running average,last week change from running,Percentile of Running,Percentile of Running by Market,Percentile of Past 1-3,Percentile of Past 1-3 by Market,Percentile of Past 3-6,Percentile of Past 3-6 by Market,Percentile of Past Week Change,Percentile of Past Week Change by market
30266-5-8-2017,6,30,1,0,2,0,1,0,0,0,0,0,0,476.2128933,2017,2,8,0.258064516,,0,0,,0,0,0,0,0,0,0,0,0,0,0
30266-5-9-2017,6,30,1,0,2,0,1,0,0,0,0,0,0,476.2128933,2017,3,9,0.290322581,,721.6666667,0,,0,270.625,1.666666667,0,0,0,0,0,0,0,0
30266-5-10-2017,6,30,1,0,2,0,1,0,0,0,0,0,0,476.2128933,2017,4,10,0.322580645,,1061.666667,0,,0,353.8888889,2,0.875,0.772,0.962,1,0.613,0.058,0.998,1
30266-5-11-2017,6,30,1,0,2,0,1,0,0,0,0,0,0,476.2128933,2017,5,11,0.35483871,,1447.333333,0,,0,434.2,2.333333333,0.904,0.673,0.914,0.687,0.962,1,0.087,0
30266-5-12-2017,6,30,1,0,2,0,1,0,0,0,0,0,0,476.2128933,2017,6,12,0.387096774,,1213,721.6666667,,0.680831409,527.6363636,1.298931771,0.912,0.776,0.908,0.705,0.913,0.705,0.211,0.588
30266-5-13-2017,6,30,1,0,2,0,1,0,0,0,0,0,0,476.2128933,2017,7,13,0.419354839,,1405.666667,1061.666667,,0.324018838,616.8333333,1.278843556,0.894,0.734,0.723,0.294,0.932,0.882,0.014,0
30266-5-14-2017,6,30,1,0,2,0,1,0,0,0,0,0,0,476.2128933,2017,1,14,0.451612903,,1578.333333,1447.333333,,0.090511285,698.2307692,1.260475194,0.89,0.6,0.854,0.352,0.857,0.529,0.194,0.294
30266-5-15-2017,6,30,1,0,2,0,1,0,0,0,0,0,0,476.2128933,2017,2,15,0.483870968,,1550,1213,,0.277823578,746.7142857,1.075760474,0,0,0,0,0,0,0,0
30266-5-16-2017,6,30,1,0,2,0,1,0,0,0,0,0,0,476.2128933,2017,3,16,0.516129032,,1330,1405.666667,,-0.053829737,759.4666667,0.751228933,0.169,0,0.361,1,0,1,0,1
30266-5-17-2017,6,30,1,0,2,0,1,0,0,0,0,0,0,476.2128933,2017,4,17,0.548387097,,1205.333333,1578.333333,,-0.236325238,793.3125,0.51936763,0.237,0,0.403,1,0,1,0,1
30266-5-18-2017,6,30,1,0,2,0,1,0,0,0,0,0,0,476.2128933,2017,5,18,0.580645161,,1079,1550,,-0.303870968,805.3529412,0.33978526,0,0,0,0,0,0,0,0
30266-5-19-2017,6,30,1,0,2,0,1,0,0,0,0,0,0,476.2128933,2017,6,19,0.612903226,,1130.666667,1330,,-0.149874687,821.3333333,0.376623377,0.243,0,0.407,1,0.393,1,0.496,1
30266-5-20-2017,6,30,1,0,2,0,1,0,0,0,0,0,0,476.2128933,2017,7,20,0.64516129,,1248.333333,1205.333333,,0.035674779,865.1578947,0.442896541,0.361,0,0.434,1,0.406,1,0.563,1
30266-5-21-2017,6,30,1,0,2,0,1,0,0,0,0,0,0,476.2128933,2017,1,21,0.677419355,,1296,1079,,0.201112141,878.95,0.474486603,0.343,0,0.397,1,0.434,1,0.426,1
30266-5-22-2017,6,30,1,0,2,0,1,0,0,0,0,0,0,476.2128933,2017,2,22,0.709677419,,1248.333333,1130.666667,,0.104068396,882.3333333,0.414809218,0.61,0,0.613,1,0.633,1,0.128,1
30266-5-23-2017,6,1,1,0,2,0,1,0,0,0,0,0,0,476.2128933,2017,3,23,0.741935484,,901,1248.333333,,-0.27823765,870.0454545,0.035578078,0.332,0,0.264,1,0.53,1,0.123,1
30266-5-24-2017,6,2,1,0,2,0,1,0,0,0,0,0,0,476.2128933,2017,4,24,0.774193548,,893.3333333,1296,,-0.310699588,880.826087,0.01419945,0.283,0,0.173,1,0.206,1,0.38,1
30266-5-25-2017,6,3,1,0,2,0,1,0,0,0,0,0,0,476.2128933,2017,5,25,0.806451613,,815.3333333,1248.333333,,-0.346862483,873.9583333,-0.067079857,0.267,0,0.251,1,0.096,1,0.806,1
30266-5-26-2017,6,4,1,0,2,0,1,0,0,0,0,0,0,476.2128933,2017,6,26,0.838709677,,880.3333333,901,,-0.022937477,871.28,0.010390843,0.243,0,0.158,1,0.172,1,0.442,1
30266-5-27-2017,6,5,1,0,2,0,1,0,0,0,0,0,0,476.2128933,2017,7,27,0.870967742,,887,893.3333333,,-0.007089552,881.5384615,0.006195462,0.267,0,0.353,1,0.168,1,0.783,1
30266-5-28-2017,6,6,1,0,2,0,1,0,0,0,0,0,0,476.2128933,2017,1,28,0.903225806,,1181.666667,815.3333333,,0.449304988,908.1481481,0.301182708,0.277,0,0.426,1,0.16,1,0.837,1
30266-5-30-2017,6,8,1,0,2,0,1,0,0,0,0,0,0,476.2128933,2017,3,30,0.967741935,,792.3333333,887,,-0.106726794,872.3103448,-0.091684126,0,0,0,0,0,0,0,0
30266-5-31-2017,6,9,1,0,2,0,1,0,0,0,0,0,0,476.2128933,2017,4,31,1,,467.6666667,1181.666667,,-0.604231312,864.1,-0.458781777,0,0,0,0,0,0,0,0
30266-5-8-2018,6,30,1,0,2,0,1,0,0,0,0,0,0,476.2128933,2018,3,8,0.258064516,,0,0,,0,0,0,0,0,0,1,0,1,0,1
30266-5-9-2018,6,30,1,0,2,0,1,0,0,0,0,0,0,476.2128933,2018,4,9,0.290322581,,819.3333333,0,,0,307.25,1.666666667,0.813,0,0.805,1,0.878,1,0.329,0
30266-5-10-2018,6,30,1,0,2,0,1,0,0,0,0,0,0,476.2128933,2018,5,10,0.322580645,,1177,0,,0,392.3333333,2,0.811,0,0.729,0.5,0.857,1,0.285,0
30266-5-11-2018,6,30,1,0,2,0,1,0,0,0,0,0,0,476.2128933,2018,6,11,0.35483871,,1686.333333,0,,0,505.9,2.333333333,0.873,0.95,0.922,1,0.897,0.5,0.278,1
30266-5-12-2018,6,30,1,0,2,0,1,0,0,0,0,0,0,476.2128933,2018,7,12,0.387096774,,1610.333333,819.3333333,,0.96541904,662.6363636,1.430191613,0.685,0,0.874,0.5,0,0,0,0
30266-5-13-2018,6,30,1,0,2,0,1,0,0,0,0,0,0,476.2128933,2018,1,13,0.419354839,,1900,1177,,0.614273577,769.25,1.469938252,0,0,0,0,0,0,0,0
30266-5-14-2018,6,30,1,0,2,0,1,0,0,0,0,0,0,476.2128933,2018,2,14,0.451612903,,1641.333333,1686.333333,,-0.026685116,767.9230769,1.137366857,0.745,0.288,0.775,0.388,0.799,0.5,0.173,0.166
30266-5-15-2018,6,30,1,0,2,0,1,0,0,0,0,0,0,476.2128933,2018,3,15,0.483870968,,1248.333333,1610.333333,,-0.224798178,788.1428571,0.583892212,0.746,0.233,0.785,0.176,0.725,0.352,0.874,0.235
30266-5-16-2018,6,30,1,0,2,0,1,0,0,0,0,0,0,476.2128933,2018,4,16,0.516129032,,1067.333333,1900,,-0.438245614,828.8666667,0.287702083,0.476,0.332,0.803,0.666,0.498,0.222,0.886,0.833
30266-5-17-2018,6,30,1,0,2,0,1,0,0,0,0,0,0,476.2128933,2018,5,17,0.548387097,,1565.333333,1641.333333,,-0.046303818,917.4375,0.706201603,0,0,0,0,0,0,0,0
30266-5-18-2018,6,30,1,0,2,0,1,0,0,0,0,0,0,476.2128933,2018,6,18,0.580645161,,1577.333333,1248.333333,,0.263551402,927.4117647,0.700790731,0,0,0,0,0,0,0,0
30266-5-19-2018,6,30,1,0,2,0,1,0,0,0,0,0,0,476.2128933,2018,7,19,0.612903226,,1828.333333,1067.333333,,0.71299188,995.4444444,0.836700525,0,0,0,0,0,0,0,0
30266-5-20-2018,6,30,1,0,2,0,1,0,0,0,0,0,0,476.2128933,2018,1,20,0.64516129,,1750.333333,1565.333333,,0.11818569,1048.947368,0.668656966,0.038,0,0.125,1,0.025,1,0.963,1
30266-5-21-2018,6,30,1,0,2,0,1,0,0,0,0,0,0,476.2128933,2018,2,21,0.677419355,,1816,1577.333333,,0.151310228,1060.7,0.71207693,0.609,0,0.645,1,0.644,1,0.218,1
30266-5-22-2018,6,30,1,0,2,0,1,0,0,0,0,0,0,476.2128933,2018,3,22,0.709677419,,1511,1828.333333,,-0.173564266,1069.095238,0.413344617,0.059,0,0.112,1,0.04,1,0.889,1
30266-5-23-2018,6,30,1,0,2,0,1,0,0,0,0,0,0,476.2128933,2018,4,23,0.741935484,,1164.333333,1750.333333,,-0.334793373,1064.681818,0.093597461,0.057,0,0.214,1,0.046,1,0.796,1
30266-5-24-2018,6,30,1,0,2,0,1,0,0,0,0,0,0,476.2128933,2018,5,24,0.774193548,,1063,1816,,-0.414647577,1061,0.001885014,0,0,0,0,0,0,0,0
30266-5-25-2018,6,30,1,0,2,0,1,0,0,0,0,0,0,476.2128933,2018,6,25,0.806451613,,1419.333333,1511,,-0.060666225,1112.875,0.275375342,0,0,0,0,0,0,0,0
30266-5-26-2018,6,30,1,0,2,0,1,0,0,0,0,0,0,476.2128933,2018,7,26,0.838709677,,1824.666667,1164.333333,,0.567134269,1155.88,0.578595241,0.471,0.782,0.637,1,0,0,0,0
30266-5-27-2018,6,30,1,0,2,0,1,0,0,0,0,0,0,476.2128933,2018,1,27,0.870967742,,1900.666667,1063,,0.788021323,1157.884615,0.641499197,0.649,0.375,0.688,0.5,0.695,0.5,0.791,0.75
30266-5-29-2018,6,30,1,0,2,0,1,0,0,0,0,0,0,476.2128933,2018,3,29,0.935483871,,784.3333333,1824.666667,,-0.570149799,1116.071429,-0.297237333,0.049,0,0.054,1,0.104,1,0.324,1
30266-5-30-2018,6,30,1,0,2,0,1,0,0,0,0,0,0,476.2128933,2018,4,30,0.967741935,,722.3333333,1900.666667,,-0.61995791,1112.827586,-0.350902743,0.066,0,0.237,1,0.191,1,0.557,1
30266-5-31-2018,6,30,1,0,2,0,1,0,0,0,0,0,0,476.2128933,2018,5,31,1,,985.3333333,1513.666667,,-0.349042061,1140.2,-0.135824124,0.434,0,0.639,1,0,1,0,1
30514-5-8-2017,6,30,1,0,2,0,1,0,0,0,0,0,0,3265.597446,2017,2,8,0.258064516,,0,0,,0,0,0,0,0,0,0,0,0,0,0
30514-5-9-2017,6,30,1,0,2,0,1,0,0,0,0,0,0,3265.597446,2017,3,9,0.290322581,,417.6666667,0,,0,156.625,1.666666667,0.52,0.58,0.546,0.687,0.569,0.687,0.409,0.25
30514-5-10-2017,6,30,1,0,2,0,1,0,0,0,0,0,0,3265.597446,2017,4,10,0.322580645,,758.6666667,0,,0,252.8888889,2,0.715,0.255,0.733,0.25,0.745,0.312,0.765,0.5
30514-5-11-2017,6,30,1,0,2,0,1,0,0,0,0,0,0,3265.597446,2017,5,11,0.35483871,,1258.666667,0,,0,377.6,2.333333333,0.597,0.728,0.731,0.937,0.496,0.5,0.791,0.875
30514-5-12-2017,6,30,1,0,2,0,1,0,0,0,0,0,0,3265.597446,2017,6,12,0.387096774,,1116,417.6666667,,1.671987231,418.2727273,1.668115627,0,0,0,0,0,0,0,0
30514-5-13-2017,6,1,1,0,2,0,1,0,0,0,0,0,0,3265.597446,2017,7,13,0.419354839,,1165.333333,758.6666667,,0.53602812,481,1.422730423,0,0,0,0,0,0,0,0
30514-5-14-2017,6,2,1,0,2,0,1,0,0,0,0,0,0,3265.597446,2017,1,14,0.451612903,,1319.333333,1258.666667,,0.048199153,594.9230769,1.217653651,0.098,0.15,0.177,0.142,0.252,0.285,0.438,0.285
30514-5-15-2017,6,3,1,0,2,0,1,0,0,0,0,0,0,3265.597446,2017,2,15,0.483870968,,1305,1116,,0.169354839,608.2857143,1.145373415,0.634,0,0.652,1,0.655,1,0.19,1
30514-5-16-2017,6,4,1,0,2,0,1,0,0,0,0,0,0,3265.597446,2017,3,16,0.516129032,,1270,1165.333333,,0.089816934,638.8,0.988102693,0.1,0,0.055,0,0.092,0,0.181,0
30514-5-17-2017,6,5,1,0,2,0,1,0,0,0,0,0,0,3265.597446,2017,4,17,0.548387097,,828,1319.333333,,-0.372410308,638.625,0.296535526,0,0,0,0,0,0,0,0
30514-5-18-2017,6,6,1,0,2,0,1,0,0,0,0,0,0,3265.597446,2017,5,18,0.580645161,,912.6666667,1305,,-0.30063857,662,0.378650554,0.599,0,0.638,0.5,0.639,0,0.208,1
30514-5-19-2017,6,7,1,0,2,0,1,0,0,0,0,0,0,3265.597446,2017,6,19,0.612903226,,740,1270,,-0.417322835,655.6666667,0.128622267,0,0,0,0,0,0,0,0
30514-5-20-2017,6,8,1,0,2,0,1,0,0,0,0,0,0,3265.597446,2017,7,20,0.64516129,,795.6666667,828,,-0.039049919,663.4210526,0.199338887,0.589,0.601,0.849,1,0.38,0.75,0.947,1
30514-5-21-2017,6,9,1,0,2,0,1,0,0,0,0,0,0,3265.597446,2017,1,21,0.677419355,,958.3333333,912.6666667,,0.050036523,706.45,0.356547998,0.799,0,0.861,1,0.818,1,0.646,0.75
30514-5-22-2017,6,10,1,0,2,0,1,0,0,0,0,0,0,3265.597446,2017,2,22,0.709677419,,841,740,,0.136486486,682.1428571,0.232879581,0.838,0,0.82,1,0.858,1,0.162,0.25
30514-5-23-2017,6,11,1,0,2,0,1,0,0,0,0,0,0,3265.597446,2017,3,23,0.741935484,,779.3333333,795.6666667,,-0.020527859,679.2272727,0.147382275,0.307,0.166,0.42,0.375,0.236,0.062,0.841,1
30514-5-24-2017,6,12,1,0,2,0,1,0,0,0,0,0,0,3265.597446,2017,4,24,0.774193548,,524,958.3333333,,-0.453217391,682.6521739,-0.232405579,0.717,0.571,0.787,0.687,0.897,0.812,0.258,0.187
30514-5-25-2017,6,13,1,0,2,0,1,0,0,0,0,0,0,3265.597446,2017,5,25,0.806451613,,651,841,,-0.225921522,678.25,-0.040176926,0,0,0,0,0,0,0,0
30514-5-26-2017,6,14,1,0,2,0,1,0,0,0,0,0,0,3265.597446,2017,6,26,0.838709677,,737,779.3333333,,-0.054319932,686.16,0.074093506,0,0,0,0,0,0,0,0
30514-5-27-2017,6,15,1,0,2,0,1,0,0,0,0,0,0,3265.597446,2017,7,27,0.870967742,,751.3333333,524,,0.433842239,690.5769231,0.087979207,0,0,0,0,0,0,0,0
30514-5-28-2017,6,16,1,0,2,0,1,0,0,0,0,0,0,3265.597446,2017,1,28,0.903225806,,1003,651,,0.540706605,714.3333333,0.404106393,0,0,0,0,0,0,0,0
30514-5-30-2017,6,18,1,0,2,0,1,0,0,0,0,0,0,3265.597446,2017,3,30,0.967741935,,509.3333333,751.3333333,,-0.322094055,671.8275862,-0.24186898,0.839,0.662,0.776,0.375,0.88,0.75,0.061,0.187
30514-5-31-2017,6,19,1,0,2,0,1,0,0,0,0,0,0,3265.597446,2017,4,31,1,,195.6666667,1003,,-0.804918578,662.4666667,-0.704639227,0.554,0.672,0.572,0.733,0.512,0.533,0.597,0.8
30514-5-8-2018,6,30,1,0,2,0,1,0,0,0,0,0,0,3265.597446,2018,3,8,0.258064516,,0,0,,0,0,0,0.541,0.587,0.344,0.333,0.56,0.666,0.185,0.066
30514-5-9-2018,6,30,1,0,2,0,1,0,0,0,0,0,0,3265.597446,2018,4,9,0.290322581,,835,0,,0,313.125,1.666666667,0.811,0.435,0.729,0.437,0.876,0.937,0.04,0.062
30514-5-10-2018,6,30,1,0,2,0,1,0,0,0,0,0,0,3265.597446,2018,5,10,0.322580645,,1562.333333,0,,0,520.7777778,2,0,0,0,0,0,0,0,0
30514-5-11-2018,6,30,1,0,2,0,1,0,0,0,0,0,0,3265.597446,2018,6,11,0.35483871,,2337.333333,0,,0,701.2,2.333333333,0.65,0.242,0.838,0.812,0,0,0,0
30514-5-12-2018,6,30,1,0,2,0,1,0,0,0,0,0,0,3265.597446,2018,7,12,0.387096774,,2473.333333,835,,1.962075848,902.2727273,1.741225861,0.497,0.516,0.651,0.8,0.62,0.6,0.591,0.4
30514-5-13-2018,6,30,1,0,2,0,1,0,0,0,0,0,0,3265.597446,2018,1,13,0.419354839,,3212.333333,1562.333333,,1.056112652,1193.666667,1.691147724,0.429,0.333,0.351,0.4,0.65,0.8,0.102,0.2
30514-5-14-2018,6,30,1,0,2,0,1,0,0,0,0,0,0,3265.597446,2018,2,14,0.451612903,,2734,2337.333333,,0.16970907,1170.307692,1.336137768,0.521,0.606,0.605,1,0.671,0.8,0.419,0.4
30514-5-15-2018,6,30,1,0,2,0,1,0,0,0,0,0,0,3265.597446,2018,3,15,0.483870968,,2237.666667,2473.333333,,-0.095283019,1188.428571,0.882878551,0,0,0,0,0,0,0,0
30514-5-16-2018,6,30,1,0,2,0,1,0,0,0,0,0,0,3265.597446,2018,4,16,0.516129032,,1327.333333,3212.333333,,-0.586800872,1220.4,0.087621545,0.891,0,0.933,1,0.843,1,0.943,1
30514-5-17-2018,6,30,1,0,2,0,1,0,0,0,0,0,0,3265.597446,2018,5,17,0.548387097,,1761.666667,2734,,-0.355644965,1281.1875,0.375026424,0.744,0,0.976,1,0.588,1,0.986,1
30514-5-18-2018,6,30,1,0,2,0,1,0,0,0,0,0,0,3265.597446,2018,6,18,0.580645161,,1704,2237.666667,,-0.238492477,1279.411765,0.331862069,0.929,0,0.767,1,0.944,1,0.029,1
30514-5-19-2018,6,30,1,0,2,0,1,0,0,0,0,0,0,3265.597446,2018,7,19,0.612903226,,1597.666667,1327.333333,,0.203666499,1283.277778,0.244988961,0,0,0,0,0,0,0,0
30514-5-20-2018,6,30,1,0,2,0,1,0,0,0,0,0,0,3265.597446,2018,1,20,0.64516129,,2304,1761.666667,,0.307852412,1442.684211,0.597023093,0.445,0.87,0.445,0.625,0.555,0.625,0.424,0.25
30514-5-21-2018,6,30,1,0,2,0,1,0,0,0,0,0,0,3265.597446,2018,2,21,0.677419355,,2137,1704,,0.254107981,1408.05,0.517701786,0,0,0,0,0,0,0,0
30514-5-22-2018,6,30,1,0,2,0,1,0,0,0,0,0,0,3265.597446,2018,3,22,0.709677419,,2159,1597.666667,,0.351345712,1408.380952,0.532965918,0.761,0.995,0.708,0.875,0.557,1,0.783,0.5
30514-5-23-2018,6,30,1,0,2,0,1,0,0,0,0,0,0,3265.597446,2018,4,23,0.741935484,,1160.333333,2304,,-0.496383102,1404.181818,-0.173658768,0.797,0,0.907,1,0.785,1,0.77,0.875
30514-5-24-2018,6,30,1,0,2,0,1,0,0,0,0,0,0,3265.597446,2018,5,24,0.774193548,,1492.666667,2137,,-0.301513024,1419.086957,0.051850036,0,0,0,0,0,0,0,0
30514-5-25-2018,6,30,1,0,2,0,1,0,0,0,0,0,0,3265.597446,2018,6,25,0.806451613,,1605.333333,2159,,-0.256445885,1433,0.120260526,0.872,0.585,0.88,0.681,0.569,0.227,0.889,0.909
30514-5-26-2018,6,30,1,0,2,0,1,0,0,0,0,0,0,3265.597446,2018,7,26,0.838709677,,1798.333333,1160.333333,,0.549841999,1451.48,0.238965286,0,0,0,0,0,0,0,0
30514-5-27-2018,6,30,1,0,2,0,1,0,0,0,0,0,0,3265.597446,2018,1,27,0.870967742,,1957.666667,1492.666667,,0.311523001,1481.230769,0.321648664,0.922,0.837,0.959,0.9,0.915,0.9,0.793,0.7
30514-5-29-2018,6,30,1,0,2,0,1,0,0,0,0,0,0,3265.597446,2018,3,29,0.935483871,,838.6666667,1798.333333,,-0.533642261,1385.821429,-0.394823424,0.873,0.589,0.885,0.6,0.793,0.5,0.829,0.6
30514-5-30-2018,6,30,1,0,2,0,1,0,0,0,0,0,0,3265.597446,2018,4,30,0.967741935,,485,1957.666667,,-0.752256087,1378.172414,-0.64808467,0.637,0.059,0.723,0.136,0,0,0,0
30514-5-31-2018,6,30,1,0,2,0,1,0,0,0,0,0,0,3265.597446,2018,5,31,1,,761.3333333,1470.333333,,-0.482203582,1369.566667,-0.444106408,0,0,0,0,0,0,0,0
30517-5-8-2017,6,30,1,0,2,0,1,0,0,0,0,0,0,1464.259104,2017,2,8,0.258064516,,0,0,,0,0,0,0.69,0.116,0.762,0.4,0.506,0.2,0.822,0.5
30517-5-9-2017,6,30,1,0,2,0,1,0,0,0,0,0,0,1464.259104,2017,3,9,0.290322581,,466.6666667,0,,0,175,1.666666667,0.739,0,0.791,1,0.863,1,0.114,0
30517-5-10-2017,6,30,1,0,2,0,1,0,0,0,0,0,0,1464.259104,2017,4,10,0.322580645,,960.3333333,0,,0,320.1111111,2,0.47,0,0.494,0.5,0.345,0.5,0.75,1
30517-5-11-2017,6,30,1,0,2,0,1,0,0,0,0,0,0,1464.259104,2017,5,11,0.35483871,,1361,0,,0,408.3,2.333333333,0.951,0,0.768,0.5,0.966,0.5,0.015,0.5
30517-5-12-2017,6,30,1,0,2,0,1,0,0,0,0,0,0,1464.259104,2017,6,12,0.387096774,,1453.333333,466.6666667,,2.114285714,523.6363636,1.775462963,0,0,0,0,0,0,0,0
30517-5-13-2017,6,30,1,0,2,0,1,0,0,0,0,0,0,1464.259104,2017,7,13,0.419354839,,1774,960.3333333,,0.847275252,683.5833333,1.595148117,0,0,0,0,0,0,0.352,0.923
30517-5-14-2017,6,30,1,0,2,0,1,0,0,0,0,0,0,1464.259104,2017,1,14,0.451612903,,3644.333333,1361,,1.677687975,1155.076923,2.155056828,0,0,0,0,0,0,0.709,0.766
30517-5-15-2017,6,30,1,0,2,0,1,0,0,0,0,0,0,1464.259104,2017,2,15,0.483870968,,3432.666667,1453.333333,,1.361926606,1147,1.99273467,0,0,0,0,0,0,0,0
30517-5-16-2017,6,30,1,0,2,0,1,0,0,0,0,0,0,1464.259104,2017,3,16,0.516129032,,3413.333333,1774,,0.924088688,1229.533333,1.776121022,0.887,0.575,0.897,0.625,0.963,0.916,0.653,0.208
30517-5-17-2017,6,30,1,0,2,0,1,0,0,0,0,0,0,1464.259104,2017,4,17,0.548387097,,1539.666667,3644.333333,,-0.577517607,1227.1875,0.254630337,0.801,0.732,0.81,0.846,0.851,0.769,0.39,0.615
30517-5-18-2017,6,30,1,0,2,0,1,0,0,0,0,0,0,1464.259104,2017,5,18,0.580645161,,1496.666667,3432.666667,,-0.563993008,1208.705882,0.23823892,0.928,0,0.963,1,0,0,0,0
30517-5-19-2017,6,30,1,0,2,0,1,0,0,0,0,0,0,1464.259104,2017,6,19,0.612903226,,1148,3413.333333,,-0.663671875,1215.944444,-0.055877918,0,0,0,0,0,0,0,0
30517-5-20-2017,6,30,1,0,2,0,1,0,0,0,0,0,0,1464.259104,2017,7,20,0.64516129,,1113,1539.666667,,-0.277116259,1209.157895,-0.07952468,0,0,0,0,0,0,0,0
30517-5-21-2017,6,30,1,0,2,0,1,0,0,0,0,0,0,1464.259104,2017,1,21,0.677419355,,1552.666667,1496.666667,,0.037416481,1260.3,0.231981803,0.47,0.243,0.689,0.692,0,0,0,0
30517-5-22-2017,6,30,1,0,2,0,1,0,0,0,0,0,0,1464.259104,2017,2,22,0.709677419,,1489.333333,1148,,0.297328688,1255,0.186719788,0,0,0,0,0,0,0,0
30517-5-23-2017,6,30,1,0,2,0,1,0,0,0,0,0,0,1464.259104,2017,3,23,0.741935484,,1485.333333,1113,,0.334531297,1246.818182,0.191299064,0.639,0.455,0.519,0.538,0.71,0.461,0.276,0.384
30517-5-24-2017,6,30,1,0,2,0,1,0,0,0,0,0,0,1464.259104,2017,4,24,0.774193548,,1176.333333,1552.666667,,-0.242378703,1249.347826,-0.058442086,0.813,0.647,0.821,0.769,0.755,0.538,0.313,0.615
30517-5-25-2017,6,30,1,0,2,0,1,0,0,0,0,0,0,1464.259104,2017,5,25,0.806451613,,990.3333333,1489.333333,,-0.335049239,1221.916667,-0.189524654,0.631,0.489,0.543,0.692,0.615,0.615,0.427,0.384
30517-5-26-2017,6,30,1,0,2,0,1,0,0,0,0,0,0,1464.259104,2017,6,26,0.838709677,,1056.333333,1485.333333,,-0.288824057,1223.96,-0.136954367,0.951,0,0.889,0.937,0.949,1,0.184,0.5
30517-5-27-2017,6,30,1,0,2,0,1,0,0,0,0,0,0,1464.259104,2017,7,27,0.870967742,,897,1176.333333,,-0.237461037,1208.692308,-0.257875644,0,0,0,0,0,0,0,0
30517-5-28-2017,6,30,1,0,2,0,1,0,0,0,0,0,0,1464.259104,2017,1,28,0.903225806,,2195.333333,990.3333333,,1.216762033,1330.074074,0.65053464,0.993,0,0.924,0.812,0.979,1,0.075,0.125
30517-5-30-2017,6,30,1,0,2,0,1,0,0,0,0,0,0,1464.259104,2017,3,30,0.967741935,,1799,897,,1.005574136,1269.758621,0.416804714,0,0,0,0,0,0,0,0
30517-5-31-2017,6,30,1,0,2,0,1,0,0,0,0,0,0,1464.259104,2017,4,31,1,,831,2195.333333,,-0.621469784,1280.166667,-0.350865773,0,0,0,0,0,0,0,0
30517-5-8-2018,6,30,1,0,2,0,1,0,0,0,0,0,0,1464.259104,2018,3,8,0.258064516,,0,0,,0,0,0,0.939,0.794,0.7,0.4,0.807,0.8,0.24,0.4
30517-5-9-2018,6,30,1,0,2,0,1,0,0,0,0,0,0,1464.259104,2018,4,9,0.290322581,,648.6666667,0,,0,243.25,1.666666667,0,0,0,0,0,0,0,0
30517-5-10-2018,6,30,1,0,2,0,1,0,0,0,0,0,0,1464.259104,2018,5,10,0.322580645,,1012,0,,0,337.3333333,2,0.832,0,0.857,0.2,0.939,0.8,0.098,0
30517-5-11-2018,6,30,1,0,2,0,1,0,0,0,0,0,0,1464.259104,2018,6,11,0.35483871,,1615,0,,0,484.5,2.333333333,0.841,0,0.896,0.6,0.882,0.4,0.823,0.6
30517-5-12-2018,6,30,1,0,2,0,1,0,0,0,0,0,0,1464.259104,2018,7,12,0.387096774,,1807,648.6666667,,1.785714286,669.7272727,1.698113208,0,0,0,0,0,0,0,0
30517-5-13-2018,6,30,1,0,2,0,1,0,0,0,0,0,0,1464.259104,2018,1,13,0.419354839,,3786.666667,1012,,2.741765481,1199.666667,2.156432342,0.573,0,0.763,0,0,0,0,0
30517-5-14-2018,6,30,1,0,2,0,1,0,0,0,0,0,0,1464.259104,2018,2,14,0.451612903,,3486.333333,1615,,1.15872033,1177.230769,1.961469768,0.304,0.163,0.203,0.25,0.447,0.312,0.182,0.437
30517-5-15-2018,6,30,1,0,2,0,1,0,0,0,0,0,0,1464.259104,2018,3,15,0.483870968,,3400.666667,1807,,0.881940601,1254.928571,1.709848787,0.856,0.542,0.969,0.875,0.772,0.125,0.99,1
30517-5-16-2018,6,30,1,0,2,0,1,0,0,0,0,0,0,1464.259104,2018,4,16,0.516129032,,1818.333333,3786.666667,,-0.519806338,1323.4,0.373986197,0.729,0.649,0.93,1,0.206,0,0.994,1
30517-5-17-2018,6,30,1,0,2,0,1,0,0,0,0,0,0,1464.259104,2018,5,17,0.548387097,,1960.333333,3486.333333,,-0.43770915,1324.0625,0.48054441,0,0,0,0,0,0,0,0
30517-5-18-2018,6,30,1,0,2,0,1,0,0,0,0,0,0,1464.259104,2018,6,18,0.580645161,,1698,3400.666667,,-0.50068614,1333.117647,0.273706041,0,0,0,0,0,0,0,0
30517-5-19-2018,6,30,1,0,2,0,1,0,0,0,0,0,0,1464.259104,2018,7,19,0.612903226,,1341.666667,1818.333333,,-0.262144821,1326.444444,0.011475959,0,0,0,0,0,0,0,0
30517-5-20-2018,6,30,1,0,2,0,1,0,0,0,0,0,0,1464.259104,2018,1,20,0.64516129,,1353.333333,1960.333333,,-0.309641217,1328.684211,0.018551528,0.978,0.956,0.947,0.916,0.981,0.958,0.079,0.125
30517-5-21-2018,6,30,1,0,2,0,1,0,0,0,0,0,0,1464.259104,2018,2,21,0.677419355,,1109.333333,1698,,-0.346682371,1299.55,-0.14637118,0.905,0.651,0.979,0.958,0,0,0,0
30517-5-22-2018,6,30,1,0,2,0,1,0,0,0,0,0,0,1464.259104,2018,3,22,0.709677419,,1387.666667,1341.666667,,0.034285714,1335.190476,0.0393024,0.316,0.421,0.492,0.628,0,0,0,0
30517-5-23-2018,6,30,1,0,2,0,1,0,0,0,0,0,0,1464.259104,2018,4,23,0.741935484,,1207.333333,1353.333333,,-0.107881773,1312.136364,-0.079872057,0.705,0.318,0.73,0.5,0.705,0.382,0.255,0.47
30517-5-24-2018,6,30,1,0,2,0,1,0,0,0,0,0,0,1464.259104,2018,5,24,0.774193548,,1149,1109.333333,,0.035757212,1279.913043,-0.102282764,0,0,0,0,0,0,0,0
30517-5-25-2018,6,30,1,0,2,0,1,0,0,0,0,0,0,1464.259104,2018,6,25,0.806451613,,647.3333333,1387.666667,,-0.533509488,1249.208333,-0.481805143,0,0,0,0,0,0,0,0
30517-5-26-2018,6,30,1,0,2,0,1,0,0,0,0,0,0,1464.259104,2018,7,26,0.838709677,,664.3333333,1207.333333,,-0.449751518,1234.4,-0.461816807,0.444,0.759,0.513,1,0.463,1,0.606,0.5
30517-5-27-2018,6,30,1,0,2,0,1,0,0,0,0,0,0,1464.259104,2018,1,27,0.870967742,,1432.333333,1149,,0.246591239,1297.5,0.103917791,0.705,0.537,0.733,1,0.655,0,0.939,1
30517-5-29-2018,6,30,1,0,2,0,1,0,0,0,0,0,0,1464.259104,2018,3,29,0.935483871,,1243.666667,664.3333333,,0.872052183,1235.392857,0.00669731,0.994,0.517,0.995,1,0,0,0,0
30517-5-30-2018,6,30,1,0,2,0,1,0,0,0,0,0,0,1464.259104,2018,4,30,0.967741935,,625,1432.333333,,-0.563649057,1227.931034,-0.49101376,0.997,0,0.996,1,0.998,1,0.173,1
30517-5-31-2018,6,30,1,0,2,0,1,0,0,0,0,0,0,1464.259104,2018,5,31,1,,573,1536.666667,,-0.627114967,1210.333333,-0.526576701,0.997,0.997,0.996,1,0.998,1,0.193,0
30537-5-8-2017,6,30,1,0,2,0,1,0,0,0,0,0,0,896.9155367,2017,2,8,0.258064516,,0,0,,0,0,0,0.994,0,0.98,1,0.994,1,0.577,0
30537-5-9-2017,6,30,1,0,2,0,1,0,0,0,0,0,0,896.9155367,2017,3,9,0.290322581,,188.6666667,0,,0,70.75,1.666666667,0.994,0.291,0.998,0.75,0,0,0,0
30537-5-10-2017,6,30,1,0,2,0,1,0,0,0,0,0,0,896.9155367,2017,4,10,0.322580645,,385.6666667,0,,0,128.5555556,2,0.998,0.688,0.999,1,0.999,0.75,0.113,0.75
30537-5-11-2017,6,30,1,0,2,0,1,0,0,0,0,0,0,896.9155367,2017,5,11,0.35483871,,537,0,,0,161.1,2.333333333,0,0,1,1,0.999,0.75,0.708,0.75
30537-5-12-2017,6,30,1,0,2,0,1,0,0,0,0,0,0,896.9155367,2017,6,12,0.387096774,,543,188.6666667,,1.878091873,199.5454545,1.72118451,0,0,1,1,1,1,0.638,0.75
30537-5-13-2017,6,30,1,0,2,0,1,0,0,0,0,0,0,896.9155367,2017,7,13,0.419354839,,591.6666667,385.6666667,,0.534140017,244.3333333,1.421555252,0,0,0,0,0,0,0,0
30537-5-14-2017,6,30,1,0,2,0,1,0,0,0,0,0,0,896.9155367,2017,1,14,0.451612903,,612,537,,0.139664804,265.1538462,1.308093995,0.833,0.775,0.83,0.75,0.862,1,0.732,0
30537-5-15-2017,6,30,1,0,2,0,1,0,0,0,0,0,0,896.9155367,2017,2,15,0.483870968,,492.6666667,543,,-0.092694905,262.3571429,0.877847355,0.752,0.22,0.878,0.8,0.783,0.4,0.76,0.8
30537-5-16-2017,6,30,1,0,2,0,1,0,0,0,0,0,0,896.9155367,2017,3,16,0.516129032,,511.6666667,591.6666667,,-0.135211268,297.8,0.718155362,0.802,0.429,0.797,0.5,0.82,0.75,0.166,0.25
30537-5-17-2017,6,30,1,0,2,0,1,0,0,0,0,0,0,896.9155367,2017,4,17,0.548387097,,427.3333333,612,,-0.301742919,295.5625,0.44583069,0.816,0.801,0.615,0.4,0.433,0.6,0.754,0.5
30537-5-18-2017,6,30,1,0,2,0,1,0,0,0,0,0,0,896.9155367,2017,5,18,0.580645161,,492.3333333,492.6666667,,-0.00067659,302.9411765,0.625177994,0.919,0.815,0.872,0.7,0.943,0.9,0.077,0.1
30537-5-19-2017,6,30,1,0,2,0,1,0,0,0,0,0,0,896.9155367,2017,6,19,0.612903226,,324.6666667,511.6666667,,-0.365472313,302.2777778,0.074067267,0,0,0,0,0,0,0,0
30537-5-20-2017,6,30,1,0,2,0,1,0,0,0,0,0,0,896.9155367,2017,7,20,0.64516129,,421.3333333,427.3333333,,-0.014040562,315.4210526,0.335780633,0.77,0.493,0.772,0.5,0.666,0.1,0.949,0.9
30537-5-21-2017,6,30,1,0,2,0,1,0,0,0,0,0,0,896.9155367,2017,1,21,0.677419355,,514,492.3333333,,0.044008125,334.6,0.536162582,0,0,0,0,0,0,0,0
30537-5-22-2017,6,30,1,0,2,0,1,0,0,0,0,0,0,896.9155367,2017,2,22,0.709677419,,576,324.6666667,,0.77412731,341.3809524,0.687264612,0.861,0.817,0.815,0.75,0.786,0.25,0.836,0.5
30537-5-23-2017,6,30,1,0,2,0,1,0,0,0,0,0,0,896.9155367,2017,3,23,0.741935484,,704.6666667,421.3333333,,0.672468354,368.5,0.912256897,0.725,0.204,0.876,0.6,0.618,0.1,0.93,1
30537-5-24-2017,6,30,1,0,2,0,1,0,0,0,0,0,0,896.9155367,2017,4,24,0.774193548,,572.6666667,514,,0.114137484,365.6521739,0.566151407,0.72,0.21,0.613,0.1,0.723,0.3,0.419,0.1
30537-5-25-2017,6,30,1,0,2,0,1,0,0,0,0,0,0,896.9155367,2017,5,25,0.806451613,,517,576,,-0.102430556,363.3333333,0.42293578,0,0,0,0,0,0,0.307,0.738
30537-5-26-2017,6,30,1,0,2,0,1,0,0,0,0,0,0,896.9155367,2017,6,26,0.838709677,,356.3333333,704.6666667,,-0.494323557,367.04,-0.029170299,0.996,0.226,0.994,0,0.996,0.25,0.062,0.5
30537-5-27-2017,6,30,1,0,2,0,1,0,0,0,0,0,0,896.9155367,2017,7,27,0.870967742,,427.6666667,572.6666667,,-0.253201397,372.8076923,0.147150865,0.93,0.582,0.926,0.59,0.947,0.681,0.698,0.363
30537-5-28-2017,6,30,1,0,2,0,1,0,0,0,0,0,0,896.9155367,2017,1,28,0.903225806,,714.3333333,517,,0.381689233,402.3333333,0.775476388,0.988,0.999,0.986,1,0.976,0.954,0.884,0.727
30537-5-30-2017,6,30,1,0,2,0,1,0,0,0,0,0,0,896.9155367,2017,3,30,0.967741935,,836,427.6666667,,0.954793453,420.7241379,0.987050242,0,0,0,0,0,0,0,0
30537-5-31-2017,6,30,1,0,2,0,1,0,0,0,0,0,0,896.9155367,2017,4,31,1,,702.3333333,714.3333333,,-0.01679888,432.3333333,0.624518119,0.969,0.985,0.974,1,0.969,1,0.622,0.2
30537-5-8-2018,6,30,1,0,2,0,1,0,0,0,0,0,0,896.9155367,2018,3,8,0.258064516,,0,0,,0,0,0,0.984,0.979,0.998,1,0.953,1,0.994,1
30537-5-9-2018,6,30,1,0,2,0,1,0,0,0,0,0,0,896.9155367,2018,4,9,0.290322581,,235.6633333,0,,0,88.37375,1.666666667,0.99,0,0.993,0,0,0,0,0
30537-5-10-2018,6,30,1,0,2,0,1,0,0,0,0,0,0,896.9155367,2018,5,10,0.322580645,,438.33,0,,0,146.11,2,0.988,0.003,0.99,0,0.984,0,0.729,0.5
30537-5-11-2018,6,30,1,0,2,0,1,0,0,0,0,0,0,896.9155367,2018,6,11,0.35483871,,615.6633333,0,,0,184.699,2.333333333,0.99,0,0.998,0.75,0.994,0.5,0.847,0.75
30537-5-12-2018,6,30,1,0,2,0,1,0,0,0,0,0,0,896.9155367,2018,7,12,0.387096774,,838.3333333,235.6633333,,2.557334616,292.9081818,1.862102821,0.882,0.472,0.859,0.454,0.896,0.545,0.715,0.363
30537-5-13-2018,6,30,1,0,2,0,1,0,0,0,0,0,0,896.9155367,2018,1,13,0.419354839,,916.6666667,438.33,,1.091270656,338.7491667,1.706033717,0.955,0.718,0.955,0.772,0.974,0.863,0.139,0.318
30537-5-14-2018,6,30,1,0,2,0,1,0,0,0,0,0,0,896.9155367,2018,2,14,0.451612903,,1286.696667,615.6633333,,1.089935517,439.0061538,1.93093082,0.643,0.792,0.625,1,0.695,1,0.323,0
30537-5-15-2018,6,30,1,0,2,0,1,0,0,0,0,0,0,896.9155367,2018,3,15,0.483870968,,1096.363333,838.3333333,,0.307789264,465.0771429,1.357379523,0.854,0.492,0.9,0.5,0.834,1,0.336,0.5
30537-5-16-2018,6,30,1,0,2,0,1,0,0,0,0,0,0,896.9155367,2018,4,16,0.516129032,,1229.03,916.6666667,,0.34076,516.8053333,1.378129483,0.866,0.487,0.947,0.5,0.854,1,0.942,0.5
30537-5-17-2018,6,30,1,0,2,0,1,0,0,0,0,0,0,896.9155367,2018,5,17,0.548387097,,1068.906667,1286.696667,,-0.169262893,557.1125,0.918654969,0.631,0.99,0.466,0.5,0.479,1,0.452,0
30537-5-18-2018,6,30,1,0,2,0,1,0,0,0,0,0,0,896.9155367,2018,6,18,0.580645161,,886.24,1096.363333,,-0.191654835,539.4,0.643010753,0.858,0,0.829,1,0.861,1,0.179,0
30537-5-19-2018,6,30,1,0,2,0,1,0,0,0,0,0,0,896.9155367,2018,7,19,0.612903226,,838.2966667,1229.03,,-0.317920094,570.3872222,0.469697486,0.585,0,0.411,1,0.434,0,0.536,1
30537-5-20-2018,6,30,1,0,2,0,1,0,0,0,0,0,0,896.9155367,2018,1,20,0.64516129,,638.0566667,1068.906667,,-0.403075417,569.8931579,0.119607523,0,0,0,0,0,0,0,0
30537-5-21-2018,6,30,1,0,2,0,1,0,0,0,0,0,0,896.9155367,2018,2,21,0.677419355,,798.0566667,886.24,,-0.099502768,578.1985,0.380246864,0.65,0,0.841,0.5,0,0,0,0
30537-5-22-2018,6,30,1,0,2,0,1,0,0,0,0,0,0,896.9155367,2018,3,22,0.709677419,,584.69,838.2966667,,-0.302526154,572.4304762,0.021416616,0.881,0.899,0.886,0.941,0.86,0.823,0.833,0.823
30537-5-23-2018,6,30,1,0,2,0,1,0,0,0,0,0,0,896.9155367,2018,4,23,0.741935484,,478.0233333,638.0566667,,-0.250813669,557.3654545,-0.142352061,0,0,0,0,0,0,0,0
30537-5-24-2018,6,30,1,0,2,0,1,0,0,0,0,0,0,896.9155367,2018,5,24,0.774193548,,286.69,798.0566667,,-0.640764858,540.1756522,-0.469265231,0.977,0.957,0.813,0.416,0.881,0.625,0.107,0.291
30537-5-25-2018,6,30,1,0,2,0,1,0,0,0,0,0,0,896.9155367,2018,6,25,0.806451613,,342.6666667,584.69,,-0.41393445,543.71,-0.369762067,0.672,0.538,0.684,0.615,0.657,0.538,0.566,0.769
30537-5-26-2018,6,30,1,0,2,0,1,0,0,0,0,0,0,896.9155367,2018,7,26,0.838709677,,458,478.0233333,,-0.041887774,545.4416,-0.160313405,0,0,0,0,0,0,0,0
30537-5-27-2018,6,30,1,0,2,0,1,0,0,0,0,0,0,896.9155367,2018,1,27,0.870967742,,715.3333333,286.69,,1.495145744,560.3861538,0.276500728,0.972,0.988,0.87,0.833,0.989,1,0.007,0
30537-5-29-2018,6,30,1,0,2,0,1,0,0,0,0,0,0,896.9155367,2018,3,29,0.935483871,,678.3666667,458,,0.481149927,559.6835714,0.21205392,0.93,0.874,0.816,0.833,0.965,1,0.061,0
30537-5-30-2018,6,30,1,0,2,0,1,0,0,0,0,0,0,896.9155367,2018,4,30,0.967741935,,718.8566667,715.3333333,,0.004925443,576.7796552,0.246328057,0.967,0.986,0.959,1,0.925,1,0.9,0.333
30537-5-31-2018,6,30,1,0,2,0,1,0,0,0,0,0,0,896.9155367,2018,5,31,1,,430.1566667,874.0333333,,-0.507848671,565.387,-0.239181894,0.789,0.553,0.875,0.666,0,0,0,0
30579-5-8-2017,6,30,1,0,2,0,1,0,0,0,0,0,0,9644.743284,2017,2,8,0.258064516,,0,0,,0,0,0,0,0,0,0,0,0,0,0
30579-5-9-2017,6,30,1,0,2,0,1,0,0,0,0,0,0,9644.743284,2017,3,9,0.290322581,,1555,0,,0,583.125,1.666666667,0.686,0.514,0.727,0.666,0.899,0.5,0.133,0.666
30579-5-10-2017,6,30,1,0,2,0,1,0,0,0,0,0,0,9644.743284,2017,4,10,0.322580645,,2264.666667,0,,0,754.8888889,2,0.77,0.571,0.79,0.666,0.874,0.666,0.662,0.166
30579-5-11-2017,6,30,1,0,2,0,1,0,0,0,0,0,0,9644.743284,2017,5,11,0.35483871,,2990.333333,0,,0,897.1,2.333333333,0.725,0.621,0.618,0.5,0.893,0.833,0.072,0.5
30579-5-12-2017,6,1,1,0,2,0,1,0,0,0,0,0,0,9644.743284,2017,6,12,0.387096774,,1910.666667,1555,,0.228724544,945.1818182,1.021480555,0.783,0.673,0.738,0.5,0.794,0.5,0.107,0.5
30579-5-13-2017,6,2,1,0,2,0,1,0,0,0,0,0,0,9644.743284,2017,7,13,0.419354839,,1798,2264.666667,,-0.206064174,1015.666667,0.770265835,0.777,0.602,0.841,0.833,0.665,0.166,0.978,1
30579-5-14-2017,6,1,1,0,2,0,1,0,0,0,0,0,0,9644.743284,2017,1,14,0.451612903,,1816,2990.333333,,-0.392709843,1109.153846,0.637284139,0.799,0.672,0.872,0.833,0.806,0.666,0.887,0.666
30579-5-15-2017,6,2,1,0,2,0,1,0,0,0,0,0,0,9644.743284,2017,2,15,0.483870968,,1461.666667,1910.666667,,-0.234996511,1055.857143,0.384341316,0.474,0.321,0.63,0.5,0.299,0.333,0.88,1
30579-5-16-2017,6,3,1,0,2,0,1,0,0,0,0,0,0,9644.743284,2017,3,16,0.516129032,,1401,1798,,-0.22080089,1092.733333,0.282106034,0,0,0,0,0,0,0,0
30579-5-17-2017,6,4,1,0,2,0,1,0,0,0,0,0,0,9644.743284,2017,4,17,0.548387097,,1341,1816,,-0.261563877,1152.625,0.163431298,0,0,0,0,0,0,0,0
30579-5-18-2017,6,1,1,0,2,0,1,0,0,0,0,0,0,9644.743284,2017,5,18,0.580645161,,1807.666667,1461.666667,,0.236716078,1188.529412,0.520927163,0.694,0.79,0.866,1,0,0,0,0
30579-5-19-2017,6,2,1,0,2,0,1,0,0,0,0,0,0,9644.743284,2017,6,19,0.612903226,,1713.333333,1401,,0.222935998,1196.166667,0.432353351,0,0,0,0,0,0,0,0
30579-5-20-2017,6,3,1,0,2,0,1,0,0,0,0,0,0,9644.743284,2017,7,20,0.64516129,,1463.333333,1341,,0.091225454,1201.684211,0.217735342,0.771,0.779,0.741,0.615,0.739,0.769,0.531,0.461
30579-5-21-2017,6,4,1,0,2,0,1,0,0,0,0,0,0,9644.743284,2017,1,21,0.677419355,,1531,1807.666667,,-0.153051816,1239.9,0.234776998,0.724,0.703,0.663,0.615,0.607,0.615,0.628,0.384
30579-5-22-2017,6,5,1,0,2,0,1,0,0,0,0,0,0,9644.743284,2017,2,22,0.709677419,,1266.666667,1713.333333,,-0.260700389,1206.238095,0.050096719,0,0,0,0,0,0,0,0
30579-5-23-2017,6,6,1,0,2,0,1,0,0,0,0,0,0,9644.743284,2017,3,23,0.741935484,,1187.333333,1463.333333,,-0.188610478,1199.727273,-0.010330631,0.739,0.606,0.754,0.533,0.76,0.733,0.498,0.266
30579-5-24-2017,6,7,1,0,2,0,1,0,0,0,0,0,0,9644.743284,2017,4,24,0.774193548,,949,1531,,-0.380143697,1201.956522,-0.21045397,0,0,0,0,0,0,0,0
30579-5-25-2017,6,8,1,0,2,0,1,0,0,0,0,0,0,9644.743284,2017,5,25,0.806451613,,1276.666667,1266.666667,,0.007894737,1215.041667,0.050718425,0,0,0,0,0,0,0,0
30579-5-26-2017,6,9,1,0,2,0,1,0,0,0,0,0,0,9644.743284,2017,6,26,0.838709677,,1233.666667,1187.333333,,0.039023021,1203.8,0.024810323,0,0,0,0,0,0,0,0
30579-5-27-2017,6,1,1,0,2,0,1,0,0,0,0,0,0,9644.743284,2017,7,27,0.870967742,,1626.666667,949,,0.714085002,1250.961538,0.300333077,0.45,0.302,0.606,0.692,0.397,0.307,0.816,0.923
30579-5-28-2017,6,2,1,0,2,0,1,0,0,0,0,0,0,9644.743284,2017,1,28,0.903225806,,1690,1276.666667,,0.323759791,1267.814815,0.333002249,0.755,0.461,0.833,0.846,0.766,0.615,0.322,0.692
30579-5-30-2017,6,4,1,0,2,0,1,0,0,0,0,0,0,9644.743284,2017,3,30,0.967741935,,705,1626.666667,,-0.566598361,1194.482759,-0.409786374,0.353,0.301,0.16,0.153,0.11,0.23,0.386,0.461
30579-5-31-2017,6,5,1,0,2,0,1,0,0,0,0,0,0,9644.743284,2017,4,31,1,,668.3333333,1690,,-0.604536489,1207.866667,-0.446682857,0.105,0.113,0.231,0.2,0,0,0,0
30579-5-8-2018,6,30,1,0,2,0,1,0,0,0,0,0,0,9644.743284,2018,3,8,0.258064516,,0,0,,0,0,0,0.672,0.236,0.648,0.235,0.732,0.441,0.065,0.235
30579-5-9-2018,6,30,1,0,2,0,1,0,0,0,0,0,0,9644.743284,2018,4,9,0.290322581,,634.3333333,0,,0,237.875,1.666666667,0.802,0.338,0.771,0.333,0.8,0.25,0.717,0.5
30579-5-10-2018,6,30,1,0,2,0,1,0,0,0,0,0,0,9644.743284,2018,5,10,0.322580645,,1533.333333,0,,0,511.1111111,2,0,0,0,0,0,0,0,0
30579-5-11-2018,6,30,1,0,2,0,1,0,0,0,0,0,0,9644.743284,2018,6,11,0.35483871,,1986,0,,0,595.8,2.333333333,0.541,0.3,0.669,0.5,0.336,0.269,0.882,0.846
30579-5-12-2018,6,30,1,0,2,0,1,0,0,0,0,0,0,9644.743284,2018,7,12,0.387096774,,2267,634.3333333,,2.573830793,791.2727273,1.865004596,0.303,0.405,0.48,0.571,0,0,0,0
30579-5-13-2018,6,30,1,0,2,0,1,0,0,0,0,0,0,9644.743284,2018,1,13,0.419354839,,2204.333333,1533.333333,,0.437608696,934.4166667,1.359047534,0.731,0.5,0.831,0.735,0.709,0.352,0.959,0.911
30579-5-14-2018,6,30,1,0,2,0,1,0,0,0,0,0,0,9644.743284,2018,2,14,0.451612903,,2168,1986,,0.09164149,958.6153846,1.26159525,0.445,0.704,0.52,0.742,0.214,0.514,0.889,0.771
30579-5-15-2018,6,30,1,0,2,0,1,0,0,0,0,0,0,9644.743284,2018,3,15,0.483870968,,1772.666667,2267,,-0.218056168,1001.571429,0.769885418,0.46,0.71,0.622,0.857,0.278,0.485,0.885,0.828
30579-5-16-2018,6,30,1,0,2,0,1,0,0,0,0,0,0,9644.743284,2018,4,16,0.516129032,,1439.333333,2204.333333,,-0.347043702,1035.4,0.39012298,0.269,0.275,0.644,0.742,0,0,0,0
30579-5-17-2018,6,30,1,0,2,0,1,0,0,0,0,0,0,9644.743284,2018,5,17,0.548387097,,1601.666667,2168,,-0.261223862,1079.1875,0.484141233,0.45,0,0.611,0,0,0,0,0
30579-5-18-2018,6,30,1,0,2,0,1,0,0,0,0,0,0,9644.743284,2018,6,18,0.580645161,,1439.666667,1772.666667,,-0.187852576,1078.882353,0.334405612,0.532,0,0.527,0,0.611,0,0.328,1
30579-5-19-2018,6,30,1,0,2,0,1,0,0,0,0,0,0,9644.743284,2018,7,19,0.612903226,,1381.666667,1439.333333,,-0.040064845,1093.111111,0.263976418,0.779,0,0.815,0,0.695,0,0.961,1
30579-5-20-2018,6,30,1,0,2,0,1,0,0,0,0,0,0,9644.743284,2018,1,20,0.64516129,,1371.333333,1601.666667,,-0.143808533,1125.315789,0.218620894,0.592,0,0.794,0,0,0,0,0
30579-5-21-2018,6,30,1,0,2,0,1,0,0,0,0,0,0,9644.743284,2018,2,21,0.677419355,,1304.333333,1439.666667,,-0.094003241,1112.7,0.17222372,0,0,0,0,0,0,0,0
30579-5-22-2018,6,1,1,0,2,0,1,0,0,0,0,0,0,9644.743284,2018,3,22,0.709677419,,1319,1381.666667,,-0.04535585,1125.380952,0.172047561,0.543,0.328,0.555,0.5,0.667,0.576,0.338,0.576
30579-5-23-2018,6,2,1,0,2,0,1,0,0,0,0,0,0,9644.743284,2018,4,23,0.741935484,,1184.333333,1371.333333,,-0.136363636,1133.363636,0.04497206,0.855,0.425,0.905,0.791,0.808,0.375,0.925,0.916
30579-5-24-2018,6,3,1,0,2,0,1,0,0,0,0,0,0,9644.743284,2018,5,24,0.774193548,,1343,1304.333333,,0.029644774,1142.73913,0.175246357,0.631,0,0.577,0,0.641,0,0.379,0.25
30579-5-25-2018,6,4,1,0,2,0,1,0,0,0,0,0,0,9644.743284,2018,6,25,0.806451613,,1056,1319,,-0.19939348,1116.708333,-0.054363643,0.651,0.042,0.691,0.2,0.595,0,0.691,0.4
30579-5-26-2018,6,5,1,0,2,0,1,0,0,0,0,0,0,9644.743284,2018,7,26,0.838709677,,842,1184.333333,,-0.289051506,1098.4,-0.233430444,0.871,0.195,0.824,0,0.862,0.2,0.138,0.2
30579-5-27-2018,6,6,1,0,2,0,1,0,0,0,0,0,0,9644.743284,2018,1,27,0.870967742,,1118.666667,1343,,-0.167038967,1139.961538,-0.018680342,0,0,0,0,0,0,0,0
30579-5-29-2018,6,8,1,0,2,0,1,0,0,0,0,0,0,9644.743284,2018,3,29,0.935483871,,891.6666667,842,,0.05898654,1076.25,-0.171506001,0.872,0.162,0.858,0.4,0.898,0.4,0.164,0.4
30579-5-30-2018,6,9,1,0,2,0,1,0,0,0,0,0,0,9644.743284,2018,4,30,0.967741935,,632,1118.666667,,-0.435041716,1087.413793,-0.418804503,0.654,0.022,0.62,0.2,0.756,0.4,0.243,0.2
30579-5-31-2018,6,10,1,0,2,0,1,0,0,0,0,0,0,9644.743284,2018,5,31,1,,881.6666667,1111.333333,,-0.206658668,1092.666667,-0.193105552,0,0,0,0,0,0,0,0
30603-5-8-2017,6,30,1,0,2,0,1,0,0,0,0,0,0,2439.462437,2017,2,8,0.258064516,,0,0,,0,0,0,0.891,0.298,0.974,1,0,0,0,0
30603-5-9-2017,6,30,1,0,2,0,1,0,0,0,0,0,0,2439.462437,2017,3,9,0.290322581,,591.6666667,0,,0,221.875,1.666666667,0,0,0,0,0,0,0,0
30603-5-10-2017,6,30,1,0,2,0,1,0,0,0,0,0,0,2439.462437,2017,4,10,0.322580645,,1162,0,,0,387.3333333,2,0.891,0.831,0.923,1,0.775,0.333,0.967,1
30603-5-11-2017,6,30,1,0,2,0,1,0,0,0,0,0,0,2439.462437,2017,5,11,0.35483871,,1643.333333,0,,0,493,2.333333333,0.895,0.826,0.875,0.833,0.901,0.833,0.178,0.166
30603-5-12-2017,6,30,1,0,2,0,1,0,0,0,0,0,0,2439.462437,2017,6,12,0.387096774,,1757,591.6666667,,1.969577465,640.5454545,1.742974737,0.696,0.678,0.343,0.333,0.646,0.833,0.14,0.166
30603-5-13-2017,6,30,1,0,2,0,1,0,0,0,0,0,0,2439.462437,2017,7,13,0.419354839,,2030.666667,1162,,0.747561675,798.1666667,1.544163708,0.392,0.167,0.592,0.346,0,0,0,0
30603-5-14-2017,6,30,1,0,2,0,1,0,0,0,0,0,0,2439.462437,2017,1,14,0.451612903,,2663.333333,1643.333333,,0.620689655,993.8461538,1.679824561,0,0,0,0,0,0,0,0
30603-5-15-2017,6,30,1,0,2,0,1,0,0,0,0,0,0,2439.462437,2017,2,15,0.483870968,,2208.333333,1757,,0.256877253,976.5,1.261478068,0,0,0,0,0,0,0,0
30603-5-16-2017,6,30,1,0,2,0,1,0,0,0,0,0,0,2439.462437,2017,3,16,0.516129032,,1886.333333,2030.666667,,-0.071076822,1015.8,0.856992846,0.865,0.1,0.926,0.8,0.843,0.2,0.918,1
30603-5-17-2017,6,30,1,0,2,0,1,0,0,0,0,0,0,2439.462437,2017,4,17,0.548387097,,1209,2663.333333,,-0.546057572,1034.1875,0.169033662,0.717,0.344,0.707,0.4,0.558,0,0.703,0.8
30603-5-18-2017,6,30,1,0,2,0,1,0,0,0,0,0,0,2439.462437,2017,5,18,0.580645161,,1382,2208.333333,,-0.374188679,1048.058824,0.318628276,0.33,0,0.7,0,0,0,0,0
30603-5-19-2017,6,30,1,0,2,0,1,0,0,0,0,0,0,2439.462437,2017,6,19,0.612903226,,1574.333333,1886.333333,,-0.165400247,1108.888889,0.419739479,0,0,0,0,0,0,0,0
30603-5-20-2017,6,30,1,0,2,0,1,0,0,0,0,0,0,2439.462437,2017,7,20,0.64516129,,1757.666667,1209,,0.453818583,1148.421053,0.53050718,0.772,0.166,0.805,0.25,0.761,0.208,0.305,0.666
30603-5-21-2017,6,30,1,0,2,0,1,0,0,0,0,0,0,2439.462437,2017,1,21,0.677419355,,2115.666667,1382,,0.530873131,1208.2,0.751089775,0,0,0,0,0,0,0,0
30603-5-22-2017,6,30,1,0,2,0,1,0,0,0,0,0,0,2439.462437,2017,2,22,0.709677419,,1695.666667,1574.333333,,0.077069659,1192.714286,0.421687228,0,0,0,0,0,0,0,0
30603-5-23-2017,6,30,1,0,2,0,1,0,0,0,0,0,0,2439.462437,2017,3,23,0.741935484,,1824.666667,1757.666667,,0.038118718,1240.636364,0.470750592,0,0,0,0,0,0,0,0
30603-5-24-2017,6,30,1,0,2,0,1,0,0,0,0,0,0,2439.462437,2017,4,24,0.774193548,,1581.666667,2115.666667,,-0.25240271,1256.913043,0.258373978,0,0,0,0,0,0,0,0
30603-5-25-2017,6,30,1,0,2,0,1,0,0,0,0,0,0,2439.462437,2017,5,25,0.806451613,,1750.333333,1695.666667,,0.032239041,1262.416667,0.386494158,0.817,0.719,0.892,0.884,0.763,0.692,0.867,0.884
30603-5-26-2017,6,30,1,0,2,0,1,0,0,0,0,0,0,2439.462437,2017,6,26,0.838709677,,1423.666667,1824.666667,,-0.219766167,1262.6,0.127567453,0.824,0.35,0.879,0.583,0.789,0.375,0.917,0.75
30603-5-27-2017,6,30,1,0,2,0,1,0,0,0,0,0,0,2439.462437,2017,7,27,0.870967742,,1608.666667,1581.666667,,0.017070601,1297.5,0.239820167,0,0,0,0,0,0,0,0
30603-5-28-2017,6,30,1,0,2,0,1,0,0,0,0,0,0,2439.462437,2017,1,28,0.903225806,,1998,1750.333333,,0.141496858,1344.148148,0.486443293,0.938,0,0.64,0.576,0.976,1,0.013,0
30603-5-30-2017,6,30,1,0,2,0,1,0,0,0,0,0,0,2439.462437,2017,3,30,0.967741935,,1163,1608.666667,,-0.277041028,1283.586207,-0.093944767,0.925,0,0.54,0.384,0.738,0.576,0.193,0.269
30603-5-31-2017,6,30,1,0,2,0,1,0,0,0,0,0,0,2439.462437,2017,4,31,1,,773.6666667,1998,,-0.612779446,1287.1,-0.398907104,0.869,0.928,0.741,0.653,0.581,0.346,0.72,0.807
30603-5-8-2018,6,30,1,0,2,0,1,0,0,0,0,0,0,2439.462437,2018,3,8,0.258064516,,0,0,,0,0,0,0.795,0.196,0.938,0.708,0,0,0,0
30603-5-9-2018,6,30,1,0,2,0,1,0,0,0,0,0,0,2439.462437,2018,4,9,0.290322581,,692.6666667,0,,0,259.75,1.666666667,0.761,0.117,0.834,0.375,0.667,0,0.983,1
30603-5-10-2018,6,30,1,0,2,0,1,0,0,0,0,0,0,2439.462437,2018,5,10,0.322580645,,2126,0,,0,708.6666667,2,0,0,0,0,0,0,0,0
30603-5-11-2018,6,30,1,0,2,0,1,0,0,0,0,0,0,2439.462437,2018,6,11,0.35483871,,2661,0,,0,798.3,2.333333333,0.601,0.423,0.646,0.461,0.452,0.384,0.808,0.769
30603-5-12-2018,6,30,1,0,2,0,1,0,0,0,0,0,0,2439.462437,2018,7,12,0.387096774,,2975.666667,692.6666667,,3.295957652,1000.454545,1.974314705,0,0,0,0,0,0,0,0
30603-5-13-2018,6,30,1,0,2,0,1,0,0,0,0,0,0,2439.462437,2018,1,13,0.419354839,,2718.333333,2126,,0.278613986,1211.083333,1.244546893,0.834,0,0.924,1,0.795,1,0.897,1
30603-5-14-2018,6,30,1,0,2,0,1,0,0,0,0,0,0,2439.462437,2018,2,14,0.451612903,,2488.666667,2661,,-0.064762621,1188.384615,1.094159277,0,0,0,0,0,0,0.218,0.478
30603-5-15-2018,6,30,1,0,2,0,1,0,0,0,0,0,0,2439.462437,2018,3,15,0.483870968,,1910.666667,2975.666667,,-0.357902991,1195.5,0.59821553,0,0,0,0,0,0,0.323,0.71
30603-5-16-2018,6,30,1,0,2,0,1,0,0,0,0,0,0,2439.462437,2018,4,16,0.516129032,,1323.666667,2718.333333,,-0.513059473,1233.6,0.073011241,0,0,0,0,0,0,0.354,0.238
30603-5-17-2018,6,30,1,0,2,0,1,0,0,0,0,0,0,2439.462437,2018,5,17,0.548387097,,1717.333333,2488.666667,,-0.309938387,1287.5625,0.333786386,0,0,0,0,0,0,0.342,0.892
30603-5-18-2018,6,30,1,0,2,0,1,0,0,0,0,0,0,2439.462437,2018,6,18,0.580645161,,1871.333333,1910.666667,,-0.020586183,1314.764706,0.42332185,0,0,0,0,0,0,0.36,0.93
30603-5-19-2018,6,30,1,0,2,0,1,0,0,0,0,0,0,2439.462437,2018,7,19,0.612903226,,2067,1323.666667,,0.561571393,1372.5,0.506010929,0,0,0,0,0,0,0.85,0.977
30603-5-20-2018,6,30,1,0,2,0,1,0,0,0,0,0,0,2439.462437,2018,1,20,0.64516129,,2158.666667,1717.333333,,0.256987578,1425.105263,0.514741909,0,0,0,0,0,0,0.307,0.745
30603-5-21-2018,6,30,1,0,2,0,1,0,0,0,0,0,0,2439.462437,2018,2,21,0.677419355,,1868.333333,1871.333333,,-0.001603135,1397.8,0.336624219,0,0,0,0,0,0,0,0
30603-5-22-2018,6,30,1,0,2,0,1,0,0,0,0,0,0,2439.462437,2018,3,22,0.709677419,,1595,2067,,-0.228350266,1404.285714,0.135808749,0,0,0,0,0,0,0,0
30603-5-23-2018,6,30,1,0,2,0,1,0,0,0,0,0,0,2439.462437,2018,4,23,0.741935484,,1288,2158.666667,,-0.403335392,1406.409091,-0.084192495,0,0,0,0,0,0,0.218,0.478
30603-5-24-2018,6,30,1,0,2,0,1,0,0,0,0,0,0,2439.462437,2018,5,24,0.774193548,,1731.333333,1868.333333,,-0.073327386,1441.304348,0.201226747,0,0,0,0,0,0,0.323,0.71
30603-5-25-2018,6,30,1,0,2,0,1,0,0,0,0,0,0,2439.462437,2018,6,25,0.806451613,,1912.666667,1595,,0.199164054,1467.833333,0.303054389,0,0,0,0,0,0,0.354,0.238
30603-5-26-2018,6,30,1,0,2,0,1,0,0,0,0,0,0,2439.462437,2018,7,26,0.838709677,,2232.666667,1288,,0.733436853,1505.56,0.482947652,0,0,0,0,0,0,0.342,0.892
30603-5-27-2018,6,30,1,0,2,0,1,0,0,0,0,0,0,2439.462437,2018,1,27,0.870967742,,2691,1731.333333,,0.554293415,1585.5,0.697256386,0,0,0,0,0,0,0,0
30603-5-29-2018,6,30,1,0,2,0,1,0,0,0,0,0,0,2439.462437,2018,3,29,0.935483871,,1554.333333,2232.666667,,-0.303822036,1510.785714,0.028824484,0.88,0.446,0.934,0.666,0,0,0,0
30603-5-30-2018,6,30,1,0,2,0,1,0,0,0,0,0,0,2439.462437,2018,4,30,0.967741935,,745.6666667,2691,,-0.722903506,1498.62069,-0.502431355,0,0,0,0,0,0,0,0
30603-5-31-2018,6,30,1,0,2,0,1,0,0,0,0,0,0,2439.462437,2018,5,31,1,,1230.666667,2358,,-0.478088776,1533.133333,-0.197286603,0.865,0.28,0.938,0.666,0.876,0.666,0.563,1
30605-5-8-2017,6,30,1,0,2,0,1,0,0,0,0,0,0,825.0103885,2017,2,8,0.258064516,,0,0,,0,0,0,0.945,0.688,0.828,1,0.965,0.666,0.086,0.666
30605-5-9-2017,6,30,1,0,2,0,1,0,0,0,0,0,0,825.0103885,2017,3,9,0.290322581,,296,0,,0,111,1.666666667,0.974,0.643,0.951,1,0.99,0.666,0.024,0.666
30605-5-10-2017,6,30,1,0,2,0,1,0,0,0,0,0,0,825.0103885,2017,4,10,0.322580645,,600.6666667,0,,0,200.2222222,2,0.952,0.675,0.945,0.666,0.828,1,0.843,0.333
30605-5-11-2017,6,30,1,0,2,0,1,0,0,0,0,0,0,825.0103885,2017,5,11,0.35483871,,953.6666667,0,,0,286.1,2.333333333,0.943,0.563,0.839,1,0.945,0.666,0.189,0.666
30605-5-12-2017,6,30,1,0,2,0,1,0,0,0,0,0,0,825.0103885,2017,6,12,0.387096774,,839.6666667,296,,1.836711712,309.7272727,1.710987183,0.975,0.676,0.841,1,0.981,0.666,0.019,0.666
30605-5-13-2017,6,30,1,0,2,0,1,0,0,0,0,0,0,825.0103885,2017,7,13,0.419354839,,1021,600.6666667,,0.699778024,405.4166667,1.518396711,0.934,0.673,0.944,1,0.912,0.666,0.857,1
30605-5-14-2017,6,30,1,0,2,0,1,0,0,0,0,0,0,825.0103885,2017,1,14,0.451612903,,1108.666667,953.6666667,,0.162530584,475.9230769,1.329508108,0.946,0.65,0.794,0.666,0.969,0.666,0.106,0.333
30605-5-15-2017,6,30,1,0,2,0,1,0,0,0,0,0,0,825.0103885,2017,2,15,0.483870968,,1062.666667,839.6666667,,0.26558158,471.0714286,1.255850392,0,0,0,0,0,0,0.36,0
30605-5-16-2017,6,30,1,0,2,0,1,0,0,0,0,0,0,825.0103885,2017,3,16,0.516129032,,822,1021,,-0.194906954,488.7333333,0.681898786,0,0,0,0,0,0,0.333,0.757
30605-5-17-2017,6,30,1,0,2,0,1,0,0,0,0,0,0,825.0103885,2017,4,17,0.548387097,,551.3333333,1108.666667,,-0.502705953,490.0625,0.12502657,0,0,0,0,0,0,0.204,0.475
30605-5-18-2017,6,30,1,0,2,0,1,0,0,0,0,0,0,825.0103885,2017,5,18,0.580645161,,622.3333333,1062.666667,,-0.414366374,497.7647059,0.250256047,0,0,0,0,0,0,0.906,0
30605-5-19-2017,6,30,1,0,2,0,1,0,0,0,0,0,0,825.0103885,2017,6,19,0.612903226,,600.6666667,822,,-0.269261963,507.3888889,0.183838826,0,0,0,0,0,0,0,0
30605-5-20-2017,6,30,1,0,2,0,1,0,0,0,0,0,0,825.0103885,2017,7,20,0.64516129,,1092.333333,551.3333333,,0.981257557,585.1578947,0.866732626,0,0,0,0,0,0,0,0
30605-5-21-2017,6,30,1,0,2,0,1,0,0,0,0,0,0,825.0103885,2017,1,21,0.677419355,,1175.666667,622.3333333,,0.889126942,599.45,0.96124225,0.965,0.779,0.981,1,0,0,0,0
30605-5-22-2017,6,30,1,0,2,0,1,0,0,0,0,0,0,825.0103885,2017,2,22,0.709677419,,1126,600.6666667,,0.874583796,595.7619048,0.890016785,0,0,0,0,0,0,0,0
30605-5-23-2017,6,30,1,0,2,0,1,0,0,0,0,0,0,825.0103885,2017,3,23,0.741935484,,673.6666667,1092.333333,,-0.383277388,597.2272727,0.127990461,0.991,0,0.993,1,0.983,1,0.977,1
30605-5-24-2017,6,30,1,0,2,0,1,0,0,0,0,0,0,825.0103885,2017,4,24,0.774193548,,538.6666667,1175.666667,,-0.541820244,591.5217391,-0.089354404,0.899,0.323,0.725,0.333,0.961,0.333,0.048,0
30605-5-25-2017,6,30,1,0,2,0,1,0,0,0,0,0,0,825.0103885,2017,5,25,0.806451613,,522.6666667,1126,,-0.535820012,586.625,-0.10902763,0.89,0.275,0.866,1,0.874,0.333,0.476,0.666
30605-5-26-2017,6,30,1,0,2,0,1,0,0,0,0,0,0,825.0103885,2017,6,26,0.838709677,,513.3333333,673.6666667,,-0.23800099,587.16,-0.125735177,0.93,0.329,0.671,0.333,0.978,1,0.013,0
30605-5-27-2017,6,30,1,0,2,0,1,0,0,0,0,0,0,825.0103885,2017,7,27,0.870967742,,616,538.6666667,,0.143564356,594.3461538,0.036433055,0.988,0,0.806,0.666,0.991,1,0.001,0
30605-5-28-2017,6,30,1,0,2,0,1,0,0,0,0,0,0,825.0103885,2017,1,28,0.903225806,,1242,522.6666667,,1.37627551,659.4444444,0.883403538,0.984,0.957,0.799,0.666,0.974,1,0.015,0
30605-5-30-2017,6,30,1,0,2,0,1,0,0,0,0,0,0,825.0103885,2017,3,30,0.967741935,,956.6666667,616,,0.553030303,631.8275862,0.514126144,0.966,0.994,0.932,0.666,0.857,0.333,0.839,0.666
30605-5-31-2017,6,30,1,0,2,0,1,0,0,0,0,0,0,825.0103885,2017,4,31,1,,264,1242,,-0.787439614,619.9,-0.574124859,0.91,0.32,0.33,0,0.94,0.333,0.021,0
30605-5-8-2018,6,30,1,0,2,0,1,0,0,0,0,0,0,825.0103885,2018,3,8,0.258064516,,0,0,,0,0,0,0,0,0,0,0,0,0,0
30605-5-9-2018,6,30,1,0,2,0,1,0,0,0,0,0,0,825.0103885,2018,4,9,0.290322581,,720.3333333,0,,0,270.125,1.666666667,0.124,0.16,0.268,0.5,0,0,0,0
30605-5-10-2018,6,30,1,0,2,0,1,0,0,0,0,0,0,825.0103885,2018,5,10,0.322580645,,1253,0,,0,417.6666667,2,0.378,0.528,0.604,0.75,0.268,0.5,0.903,0.875
30605-5-11-2018,6,30,1,0,2,0,1,0,0,0,0,0,0,825.0103885,2018,6,11,0.35483871,,1886.666667,0,,0,566,2.333333333,0.863,0.859,0.902,0.875,0.821,0.75,0.917,0.75
30605-5-12-2018,6,30,1,0,2,0,1,0,0,0,0,0,0,825.0103885,2018,7,12,0.387096774,,2024.666667,720.3333333,,1.81073577,748.6363636,1.704472779,0.381,0.504,0.624,0.714,0.296,0.571,0.901,0.714
30605-5-13-2018,6,30,1,0,2,0,1,0,0,0,0,0,0,825.0103885,2018,1,13,0.419354839,,2635,1253,,1.102952913,972,1.71090535,0.407,0.632,0.527,1,0.623,0.75,0.405,0.625
30605-5-14-2018,6,30,1,0,2,0,1,0,0,0,0,0,0,825.0103885,2018,2,14,0.451612903,,2296.666667,1886.666667,,0.217314488,965.3846154,1.379017264,0.854,0.869,0.83,0.875,0.892,0.875,0.106,0.25
30605-5-15-2018,6,30,1,0,2,0,1,0,0,0,0,0,0,825.0103885,2018,3,15,0.483870968,,1761.666667,2024.666667,,-0.129897926,965.7142857,0.824211045,0,0,0,0,0,0,0,0
30605-5-16-2018,6,30,1,0,2,0,1,0,0,0,0,0,0,825.0103885,2018,4,16,0.516129032,,1116.333333,2635,,-0.576344086,1000.866667,0.115366682,0.846,0.879,0.854,0.875,0.753,0.875,0.912,0.625
30605-5-17-2018,6,30,1,0,2,0,1,0,0,0,0,0,0,825.0103885,2018,5,17,0.548387097,,1203,2296.666667,,-0.476197388,1009.9375,0.191162819,0.741,0.703,0.911,1,0,0,0,0
30605-5-18-2018,6,30,1,0,2,0,1,0,0,0,0,0,0,825.0103885,2018,6,18,0.580645161,,1175,1761.666667,,-0.333017975,1002.647059,0.171897917,0,0,0,0,0,0,0,0
30605-5-19-2018,6,30,1,0,2,0,1,0,0,0,0,0,0,825.0103885,2018,7,19,0.612903226,,1068.333333,1116.333333,,-0.04299791,1012.111111,0.055549457,0.698,0.392,0.726,0.5,0.624,0.125,0.966,1
30605-5-20-2018,6,30,1,0,2,0,1,0,0,0,0,0,0,825.0103885,2018,1,20,0.64516129,,1563.333333,1203,,0.299528955,1097.315789,0.424688634,0,0,0,0,0,0,0,0
30605-5-21-2018,6,30,1,0,2,0,1,0,0,0,0,0,0,825.0103885,2018,2,21,0.677419355,,1672.333333,1175,,0.423262411,1103.1,0.51603058,0.503,0.869,0.445,0.428,0.637,1,0.222,0
30605-5-22-2018,6,30,1,0,2,0,1,0,0,0,0,0,0,825.0103885,2018,3,22,0.709677419,,1681,1068.333333,,0.573478939,1107.666667,0.517604574,0.895,0.997,0.913,1,0.887,1,0.854,0.75
30605-5-23-2018,6,30,1,0,2,0,1,0,0,0,0,0,0,825.0103885,2018,4,23,0.741935484,,1343.666667,1563.333333,,-0.140511727,1130.909091,0.188129689,0.92,0.991,0.955,1,0.905,1,0.34,0.75
30605-5-24-2018,6,30,1,0,2,0,1,0,0,0,0,0,0,825.0103885,2018,5,24,0.774193548,,1361,1672.333333,,-0.186167032,1136.73913,0.197284376,0.517,0.858,0.646,1,0.427,0.428,0.76,1
30605-5-25-2018,6,30,1,0,2,0,1,0,0,0,0,0,0,825.0103885,2018,6,25,0.806451613,,1261,1681,,-0.249851279,1126.833333,0.119065227,0,0,0,0,0,0,0,0
30605-5-26-2018,6,30,1,0,2,0,1,0,0,0,0,0,0,825.0103885,2018,7,26,0.838709677,,1410.666667,1343.666667,,0.049863557,1164.48,0.211413392,0,0,0,0,0,0,0,0
30605-5-27-2018,6,30,1,0,2,0,1,0,0,0,0,0,0,825.0103885,2018,1,27,0.870967742,,1572.666667,1361,,0.1555229,1187.038462,0.324865805,0,0,0,0,0,0,0.36,0.93
30605-5-29-2018,6,30,1,0,2,0,1,0,0,0,0,0,0,825.0103885,2018,3,29,0.935483871,,835,1410.666667,,-0.408081285,1129.178571,-0.260524401,0,0,0,0,0,0,0.85,0.977
30605-5-30-2018,6,30,1,0,2,0,1,0,0,0,0,0,0,825.0103885,2018,4,30,0.967741935,,549.3333333,1572.666667,,-0.650699449,1121.068966,-0.50999149,0,0,0,0,0,0,0.307,0.745
30605-5-31-2018,6,30,1,0,2,0,1,0,0,0,0,0,0,825.0103885,2018,5,31,1,,651.6666667,1524.333333,,-0.572490706,1119.066667,-0.417669486,0,0,0,0,0,0,0,0
30623-5-8-2017,6,30,1,0,2,0,1,0,0,0,0,0,0,801.3114457,2017,2,8,0.258064516,,0,0,,0,0,0,0,0,0,0,0,0,0,0
30623-5-9-2017,6,30,1,0,2,0,1,0,0,0,0,0,0,801.3114457,2017,3,9,0.290322581,,611.3333333,0,,0,229.25,1.666666667,0.694,0,0.756,0,0,0,0,0
30623-5-10-2017,6,30,1,0,2,0,1,0,0,0,0,0,0,801.3114457,2017,4,10,0.322580645,,1196.333333,0,,0,398.7777778,2,0.844,0,0.84,0,0.9,0,0.111,0
30623-5-11-2017,6,30,1,0,2,0,1,0,0,0,0,0,0,801.3114457,2017,5,11,0.35483871,,1890.333333,0,,0,567.1,2.333333333,0.877,0,0.95,0,0.935,1,0.306,0
30623-5-12-2017,6,30,1,0,2,0,1,0,0,0,0,0,0,801.3114457,2017,6,12,0.387096774,,1776.666667,611.3333333,,1.906215921,651.2727273,1.727991811,0,0,0,0,0,0,0,0
30623-5-13-2017,6,30,1,0,2,0,1,0,0,0,0,0,0,801.3114457,2017,7,13,0.419354839,,1837.666667,1196.333333,,0.536082474,758.5,1.422764228,0.292,0.671,0.307,0.666,0.121,0,0.805,0.666
30623-5-14-2017,6,30,1,0,2,0,1,0,0,0,0,0,0,801.3114457,2017,1,14,0.451612903,,2583.333333,1890.333333,,0.36660201,1032.384615,1.502297395,0.819,0.877,0.808,0.882,0.86,0.941,0.408,0.176
30623-5-15-2017,6,30,1,0,2,0,1,0,0,0,0,0,0,801.3114457,2017,2,15,0.483870968,,2401.333333,1776.666667,,0.351594747,1026.285714,1.33982925,0.61,0.678,0.805,1,0,0,0,0
30623-5-16-2017,6,30,1,0,2,0,1,0,0,0,0,0,0,801.3114457,2017,3,16,0.516129032,,2323.333333,1837.666667,,0.264284419,1071.466667,1.168367347,0,0,0,0,0,0,0,0
30623-5-17-2017,6,30,1,0,2,0,1,0,0,0,0,0,0,801.3114457,2017,4,17,0.548387097,,1178.666667,2583.333333,,-0.543741935,1059.8125,0.11214641,0.784,0.067,0.823,1,0.89,0,0.69,1
30623-5-18-2017,6,30,1,0,2,0,1,0,0,0,0,0,0,801.3114457,2017,5,18,0.580645161,,1216.333333,2401.333333,,-0.493475847,1059.823529,0.147675344,0.663,0.794,0.563,0,0.687,1,0.288,0
30623-5-19-2017,6,30,1,0,2,0,1,0,0,0,0,0,0,801.3114457,2017,6,19,0.612903226,,1090,2323.333333,,-0.530846485,1074.555556,0.014372867,0.702,0.988,0.695,0,0.649,1,0.635,0
30623-5-20-2017,6,30,1,0,2,0,1,0,0,0,0,0,0,801.3114457,2017,7,20,0.64516129,,1315.333333,1178.666667,,0.115950226,1100.157895,0.195585961,0.677,0.954,0.667,1,0.693,1,0.409,1
30623-5-21-2017,6,30,1,0,2,0,1,0,0,0,0,0,0,801.3114457,2017,1,21,0.677419355,,2162,1216.333333,,0.77747328,1225.15,0.764681876,0.854,0,0.886,1,0.866,1,0.814,1
30623-5-22-2017,6,30,1,0,2,0,1,0,0,0,0,0,0,801.3114457,2017,2,22,0.709677419,,2171.666667,1090,,0.99235474,1231.285714,0.763739026,0.855,0,0.858,1,0.872,1,0.205,0
30623-5-23-2017,6,30,1,0,2,0,1,0,0,0,0,0,0,801.3114457,2017,3,23,0.741935484,,2038,1315.333333,,0.549417131,1228.045455,0.659547692,0.681,0.917,0.657,1,0.702,1,0.396,0
30623-5-24-2017,6,30,1,0,2,0,1,0,0,0,0,0,0,801.3114457,2017,4,24,0.774193548,,1059,2162,,-0.510175763,1203.478261,-0.120050578,0.699,0,0.679,1,0.741,1,0.451,1
30623-5-25-2017,6,30,1,0,2,0,1,0,0,0,0,0,0,801.3114457,2017,5,25,0.806451613,,819.6666667,2171.666667,,-0.622563315,1179.833333,-0.305269106,0,0,0,0,0,0,0,0
30623-5-26-2017,6,30,1,0,2,0,1,0,0,0,0,0,0,801.3114457,2017,6,26,0.838709677,,809.6666667,2038,,-0.60271508,1177.84,-0.312583486,0.202,0.343,0.267,0.333,0.48,1,0.17,0
30623-5-27-2017,6,30,1,0,2,0,1,0,0,0,0,0,0,801.3114457,2017,7,27,0.870967742,,1077.666667,1059,,0.017626692,1188.961538,-0.093606789,0,0,0,0,0,0,0.218,0.478
30623-5-28-2017,6,30,1,0,2,0,1,0,0,0,0,0,0,801.3114457,2017,1,28,0.903225806,,2537.666667,819.6666667,,2.095973973,1330.703704,0.90701105,0,0,0,0,0,0,0.323,0.71
30623-5-30-2017,6,30,1,0,2,0,1,0,0,0,0,0,0,801.3114457,2017,3,30,0.967741935,,2309,1077.666667,,1.14259202,1304.827586,0.769582452,0,0,0,0,0,0,0.354,0.238
30623-5-31-2017,6,30,1,0,2,0,1,0,0,0,0,0,0,801.3114457,2017,4,31,1,,1247.666667,2537.666667,,-0.508340996,1322.4,-0.05651341,0,0,0,0,0,0,0.342,0.892
30623-5-8-2018,6,30,1,0,2,0,1,0,0,0,0,0,0,801.3114457,2018,3,8,0.258064516,,0,0,,0,0,0,0,0,0,0,0,0,0,0
30623-5-9-2018,6,30,1,0,2,0,1,0,0,0,0,0,0,801.3114457,2018,4,9,0.290322581,,369,0,,0,138.375,1.666666667,0.817,0.874,0.819,0.941,0.823,0.823,0.515,0.352
30623-5-10-2018,6,30,1,0,2,0,1,0,0,0,0,0,0,801.3114457,2018,5,10,0.322580645,,665.3333333,0,,0,221.7777778,2,0.808,0.918,0.795,0.823,0.716,0.941,0.633,0.411
30623-5-11-2018,6,30,1,0,2,0,1,0,0,0,0,0,0,801.3114457,2018,6,11,0.35483871,,1127.333333,0,,0,338.2,2.333333333,0.831,0.899,0.739,0.647,0.756,0.823,0.509,0.294
30623-5-12-2018,6,30,1,0,2,0,1,0,0,0,0,0,0,801.3114457,2018,7,12,0.387096774,,1648.666667,369,,3.467931346,550.2727273,1.996090093,0,0,0,0,0,0,0,0
30623-5-13-2018,6,30,1,0,2,0,1,0,0,0,0,0,0,801.3114457,2018,1,13,0.419354839,,3542.666667,665.3333333,,4.324649299,1052,2.367553866,0,0,0,0,0,0,0,0
30623-5-14-2018,6,30,1,0,2,0,1,0,0,0,0,0,0,801.3114457,2018,2,14,0.451612903,,3527.666667,1127.333333,,2.129213483,1074.230769,2.283900227,0.24,0.101,0.575,0.647,0.067,0,0.988,0.941
30623-5-15-2018,6,30,1,0,2,0,1,0,0,0,0,0,0,801.3114457,2018,3,15,0.483870968,,3052.333333,1648.666667,,0.851395067,1086.428571,1.809511286,0.298,0.164,0.584,0.647,0.181,0.176,0.944,0.882
30623-5-16-2018,6,30,1,0,2,0,1,0,0,0,0,0,0,801.3114457,2018,4,16,0.516129032,,1088.333333,3542.666667,,-0.692792623,1059.266667,0.027440368,0.732,0.232,0.784,0.294,0.913,0.647,0.068,0.117
30623-5-17-2018,6,30,1,0,2,0,1,0,0,0,0,0,0,801.3114457,2018,5,17,0.548387097,,1585,3527.666667,,-0.55069451,1170,0.354700855,0,0,0,0,0,0,0,0
30623-5-18-2018,6,30,1,0,2,0,1,0,0,0,0,0,0,801.3114457,2018,6,18,0.580645161,,1475.666667,3052.333333,,-0.51654472,1155.117647,0.277503353,0,0,0,0,0,0,0,0
30623-5-19-2018,6,30,1,0,2,0,1,0,0,0,0,0,0,801.3114457,2018,7,19,0.612903226,,1721,1088.333333,,0.581316998,1169.555556,0.471499145,0.306,0.258,0.666,0.705,0.086,0.058,0.99,1
30623-5-20-2018,6,30,1,0,2,0,1,0,0,0,0,0,0,801.3114457,2018,1,20,0.64516129,,2141.333333,1585,,0.350998948,1323.368421,0.618093117,0.764,0.847,0.797,0.882,0.662,0.764,0.71,0.529
30623-5-21-2018,6,30,1,0,2,0,1,0,0,0,0,0,0,801.3114457,2018,2,21,0.677419355,,2536,1475.666667,,0.71854529,1362.25,0.861625986,0.929,0.869,0.946,0.882,0.874,0.647,0.91,0.823
30623-5-22-2018,6,30,1,0,2,0,1,0,0,0,0,0,0,801.3114457,2018,3,22,0.709677419,,2323,1721,,0.34979663,1334.333333,0.740944292,0,0,0,0,0,0,0,0
30623-5-23-2018,6,30,1,0,2,0,1,0,0,0,0,0,0,801.3114457,2018,4,23,0.741935484,,1185,2141.333333,,-0.446606476,1304.5,-0.091605979,0.821,0.547,0.828,0.625,0.824,0.562,0.241,0.625
30623-5-24-2018,6,30,1,0,2,0,1,0,0,0,0,0,0,801.3114457,2018,5,24,0.774193548,,768.6666667,2536,,-0.696898002,1284.826087,-0.401734854,0.505,0.473,0.533,0.666,0.537,0.6,0.522,0.533
30623-5-25-2018,6,30,1,0,2,0,1,0,0,0,0,0,0,801.3114457,2018,6,25,0.806451613,,1073,2323,,-0.538097288,1301.666667,-0.175672215,0.497,0.537,0.528,0.666,0.473,0.533,0.611,0.733
30623-5-26-2018,6,30,1,0,2,0,1,0,0,0,0,0,0,801.3114457,2018,7,26,0.838709677,,1398.333333,1185,,0.180028129,1315.76,0.062757139,0.829,0.579,0.848,0.75,0.867,0.812,0.198,0.687
30623-5-27-2018,6,30,1,0,2,0,1,0,0,0,0,0,0,801.3114457,2018,1,27,0.870967742,,2288.666667,768.6666667,,1.97745013,1400.653846,0.633998773,0,0,0,0,0,0,0,0
30623-5-29-2018,6,30,1,0,2,0,1,0,0,0,0,0,0,801.3114457,2018,3,29,0.935483871,,1622,1398.333333,,0.159952324,1348.571429,0.202754237,0.588,0.209,0.786,0.687,0,0,0,0
30623-5-30-2018,6,30,1,0,2,0,1,0,0,0,0,0,0,801.3114457,2018,4,30,0.967741935,,879.3333333,2288.666667,,-0.615787941,1346.724138,-0.347057568,0,0,0,0,0,0,0,0
30623-5-31-2018,6,30,1,0,2,0,1,0,0,0,0,0,0,801.3114457,2018,5,31,1,,536.6666667,2173.333333,,-0.753067485,1312.333333,-0.591059182,0.295,0.213,0.356,0.294,0.387,0.47,0.457,0.235
30629-5-8-2017,6,30,1,0,2,0,1,0,0,0,0,0,0,2839.240035,2017,2,8,0.258064516,,0,0,,0,0,0,0.379,0.346,0.281,0.235,0.457,0.352,0.274,0.235
30629-5-9-2017,6,30,1,0,2,0,1,0,0,0,0,0,0,2839.240035,2017,3,9,0.290322581,,276.3333333,0,,0,103.625,1.666666667,0.888,0.624,0.935,0.75,0.892,0.75,0.876,0.375
30629-5-10-2017,6,30,1,0,2,0,1,0,0,0,0,0,0,2839.240035,2017,4,10,0.322580645,,656.3333333,0,,0,218.7777778,2,0.882,0.651,0.858,0.47,0.935,0.764,0.077,0.294
30629-5-11-2017,6,30,1,0,2,0,1,0,0,0,0,0,0,2839.240035,2017,5,11,0.35483871,,787.6666667,0,,0,236.3,2.333333333,0.87,0.636,0.859,0.588,0.914,0.705,0.112,0.176
30629-5-12-2017,6,30,1,0,2,0,1,0,0,0,0,0,0,2839.240035,2017,6,12,0.387096774,,696.6666667,276.3333333,,1.521109771,265.3636364,1.625328309,0.939,0.814,0.974,0.764,0.974,0.941,0.24,0.47
30629-5-13-2017,6,30,1,0,2,0,1,0,0,0,0,0,0,2839.240035,2017,7,13,0.419354839,,596.3333333,656.3333333,,-0.091416963,313.1666667,0.904204364,0,0,0,0,0,0,0,0
30629-5-14-2017,6,30,1,0,2,0,1,0,0,0,0,0,0,2839.240035,2017,1,14,0.451612903,,731.6666667,787.6666667,,-0.071096064,350.6153846,1.086807079,0.396,0.376,0.322,0.176,0.521,0.529,0.227,0.352
30629-5-15-2017,6,30,1,0,2,0,1,0,0,0,0,0,0,2839.240035,2017,2,15,0.483870968,,677,696.6666667,,-0.028229665,353.5714286,0.914747475,0.241,0,0.358,1,0.287,0,0.587,1
30629-5-16-2017,6,30,1,0,2,0,1,0,0,0,0,0,0,2839.240035,2017,3,16,0.516129032,,594.3333333,596.3333333,,-0.003353829,369.4,0.608915358,0,0,0,0,0,0,0,0
30629-5-17-2017,6,30,1,0,2,0,1,0,0,0,0,0,0,2839.240035,2017,4,17,0.548387097,,421.6666667,731.6666667,,-0.423690205,363.9375,0.158623848,0,0,0,0,0,0,0,0
30629-5-18-2017,6,30,1,0,2,0,1,0,0,0,0,0,0,2839.240035,2017,5,18,0.580645161,,464,677,,-0.314623338,373.0588235,0.243771681,0.458,0.408,0.224,0.176,0.567,0.647,0.12,0.117
30629-5-19-2017,6,30,1,0,2,0,1,0,0,0,0,0,0,2839.240035,2017,6,19,0.612903226,,464,594.3333333,,-0.219293326,385.1666667,0.204673302,0.446,0.514,0.523,0.47,0.301,0.352,0.805,0.705
30629-5-20-2017,6,30,1,0,2,0,1,0,0,0,0,0,0,2839.240035,2017,7,20,0.64516129,,737.3333333,421.6666667,,0.748616601,422.8947368,0.743538685,0,0,0,0,0,0,0,0
30629-5-21-2017,6,30,1,0,2,0,1,0,0,0,0,0,0,2839.240035,2017,1,21,0.677419355,,795.3333333,464,,0.71408046,436.4,0.822487015,0.754,0.522,0.854,1,0,0,0,0
30629-5-22-2017,6,30,1,0,2,0,1,0,0,0,0,0,0,2839.240035,2017,2,22,0.709677419,,802.6666667,464,,0.729885057,444.8095238,0.804517718,0,0,0,0,0,0,0,0
30629-5-23-2017,6,30,1,0,2,0,1,0,0,0,0,0,0,2839.240035,2017,3,23,0.741935484,,551.6666667,737.3333333,,-0.251808318,440.4545455,0.25249398,0.427,0.762,0.814,1,0.148,0.25,0.986,1
30629-5-24-2017,6,30,1,0,2,0,1,0,0,0,0,0,0,2839.240035,2017,4,24,0.774193548,,416.3333333,795.3333333,,-0.476529757,433.7826087,-0.040225853,0,0,0,0,0,0,0,0
30629-5-25-2017,6,30,1,0,2,0,1,0,0,0,0,0,0,2839.240035,2017,5,25,0.806451613,,337,802.6666667,,-0.580149502,431.3333333,-0.2187017,0,0,0,0,0,0,0,0
30629-5-26-2017,6,30,1,0,2,0,1,0,0,0,0,0,0,2839.240035,2017,6,26,0.838709677,,422,551.6666667,,-0.235045317,438.24,-0.03705732,0.879,0.296,0.922,0.454,0,0,0,0
30629-5-27-2017,6,30,1,0,2,0,1,0,0,0,0,0,0,2839.240035,2017,7,27,0.870967742,,517.6666667,416.3333333,,0.243394716,443.4615385,0.167331599,0.447,0.497,0.383,0.5,0.526,0.562,0.298,0.312
30629-5-28-2017,6,30,1,0,2,0,1,0,0,0,0,0,0,2839.240035,2017,1,28,0.903225806,,623,337,,0.848664688,452.6296296,0.376401276,0,0,0,0,0,0,0,0
30629-5-30-2017,6,30,1,0,2,0,1,0,0,0,0,0,0,2839.240035,2017,3,30,0.967741935,,322.3333333,517.6666667,,-0.377334192,430.9310345,-0.252007148,0.44,0.494,0.214,0.187,0.571,0.687,0.092,0
30629-5-31-2017,6,30,1,0,2,0,1,0,0,0,0,0,0,2839.240035,2017,4,31,1,,190,623,,-0.695024077,426.3666667,-0.554374169,0.716,0.254,0.739,0.562,0.757,0.312,0.183,0.687
30629-5-8-2018,6,30,1,0,2,0,1,0,0,0,0,0,0,2839.240035,2018,3,8,0.258064516,,0,0,,0,0,0,0,0,0,0,0,0,0,0
30629-5-9-2018,6,1,1,0,2,0,1,0,0,0,0,0,0,2839.240035,2018,4,9,0.290322581,,217,0,,0,81.375,1.666666667,0.248,0.247,0.306,0.25,0.382,0.5,0.405,0.125
30629-5-10-2018,6,2,1,0,2,0,1,0,0,0,0,0,0,2839.240035,2018,5,10,0.322580645,,730.6666667,0,,0,243.5555556,2,0,0,0,0,0,0,0,0
30629-5-11-2018,6,3,1,0,2,0,1,0,0,0,0,0,0,2839.240035,2018,6,11,0.35483871,,1327.333333,0,,0,398.2,2.333333333,0.96,0.789,0.974,1,0,0,0,0
30629-5-12-2018,6,4,1,0,2,0,1,0,0,0,0,0,0,2839.240035,2018,7,12,0.387096774,,1886.333333,217,,7.692780338,573.6363636,2.288378236,0.948,0.917,0.962,1,0.862,0,0.955,1
30629-5-13-2018,6,5,1,0,2,0,1,0,0,0,0,0,0,2839.240035,2018,1,13,0.419354839,,2181.333333,730.6666667,,1.98540146,728,1.996336996,0.861,0.169,0.967,1,0,0,0,0
30629-5-14-2018,6,6,1,0,2,0,1,0,0,0,0,0,0,2839.240035,2018,2,14,0.451612903,,1805,1327.333333,,0.359869412,722.8461538,1.497073534,0.465,0.88,0.689,0.875,0.59,0.875,0.669,0.75
30629-5-15-2018,6,7,1,0,2,0,1,0,0,0,0,0,0,2839.240035,2018,3,15,0.483870968,,1270.333333,1886.333333,,-0.326559463,722.9285714,0.757204492,0.687,0.062,0.772,0.2,0,0,0,0
30629-5-16-2018,6,8,1,0,2,0,1,0,0,0,0,0,0,2839.240035,2018,4,16,0.516129032,,902.6666667,2181.333333,,-0.586185819,762.9333333,0.183152744,0.102,0,0.141,0,0.087,0,0.611,0.6
30629-5-17-2018,6,9,1,0,2,0,1,0,0,0,0,0,0,2839.240035,2018,5,17,0.548387097,,884.6666667,1805,,-0.509879963,753.1875,0.17456366,0.197,0,0.47,0.4,0.427,0.4,0.514,0.6
30629-5-18-2018,6,10,1,0,2,0,1,0,0,0,0,0,0,2839.240035,2018,6,18,0.580645161,,941.3333333,1270.333333,,-0.258987142,761.4705882,0.236204455,0.677,0.4,0.665,0.2,0.664,0,0.237,0.4
30629-5-19-2018,6,11,1,0,2,0,1,0,0,0,0,0,0,2839.240035,2018,7,19,0.612903226,,1063.036667,902.6666667,,0.177662482,812.9505556,0.307627702,0.205,0,0.392,0.2,0.47,0.4,0.344,0.2
30629-5-20-2018,6,12,1,0,2,0,1,0,0,0,0,0,0,2839.240035,2018,1,20,0.64516129,,1322.036667,884.6666667,,0.494389601,843.0057895,0.568241503,0.666,0.071,0.696,0.2,0.645,0,0.299,1
30629-5-21-2018,6,13,1,0,2,0,1,0,0,0,0,0,0,2839.240035,2018,2,21,0.677419355,,1280.036667,941.3333333,,0.359812323,839.2555,0.525204978,0,0,0,0,0,0,0,0
30629-5-22-2018,6,14,1,0,2,0,1,0,0,0,0,0,0,2839.240035,2018,3,22,0.709677419,,956.3333333,1063.036667,,-0.100375967,833.4338095,0.147461649,0,0,0,0,0,0,0,0
30629-5-23-2018,6,15,1,0,2,0,1,0,0,0,0,0,0,2839.240035,2018,4,23,0.741935484,,779.3333333,1322.036667,,-0.410505508,834.3231818,-0.06590953,0,0,0,0,0,0,0,0
30629-5-24-2018,6,16,1,0,2,0,1,0,0,0,0,0,0,2839.240035,2018,5,24,0.774193548,,752.6666667,1280.036667,,-0.411996011,827.9613043,-0.090939803,0,0,0,0,0,0,0.307,0.612
30629-5-25-2018,6,17,1,0,2,0,1,0,0,0,0,0,0,2839.240035,2018,6,25,0.806451613,,712,956.3333333,,-0.255489718,818.2545833,-0.129855164,0,0,0,0,0,0,0.36,0.93
30629-5-26-2018,6,18,1,0,2,0,1,0,0,0,0,0,0,2839.240035,2018,7,26,0.838709677,,620.6666667,779.3333333,,-0.203592814,808.6844,-0.232498282,0,0,0,0,0,0,0.85,0.977
30629-5-27-2018,6,19,1,0,2,0,1,0,0,0,0,0,0,2839.240035,2018,1,27,0.870967742,,631.6666667,752.6666667,,-0.160761736,805.3119231,-0.215624842,0,0,0,0,0,0,0.307,0.745
30629-5-29-2018,6,21,1,0,2,0,1,0,0,0,0,0,0,2839.240035,2018,3,29,0.935483871,,445.6666667,620.6666667,,-0.281954887,769.7896429,-0.421053958,0,0,0,0,0,0,0,0
30629-5-30-2018,6,22,1,0,2,0,1,0,0,0,0,0,0,2839.240035,2018,4,30,0.967741935,,287,631.6666667,,-0.545646438,751.6934483,-0.618195422,0,0,0,0,0,0,0,0
30629-5-31-2018,6,23,1,0,2,0,1,0,0,0,0,0,0,2839.240035,2018,5,31,1,,293.3333333,638.6666667,,-0.540709812,747.8036667,-0.607740178,0,0,0,0,0,0,0.218,0.478
30701-5-8-2017,6,30,1,0,2,0,1,0,0,0,0,0,0,12950.1096,2017,2,8,0.258064516,,0,0,,0,0,0,0,0,0,0,0,0,0.342,0.892
30701-5-9-2017,6,30,1,0,2,0,1,0,0,0,0,0,0,12950.1096,2017,3,9,0.290322581,,212.6666667,0,,0,79.75,1.666666667,0.71,0.577,0.674,0.6,0.774,1,0.067,0.2
30701-5-10-2017,6,30,1,0,2,0,1,0,0,0,0,0,0,12950.1096,2017,4,10,0.322580645,,694,0,,0,231.3333333,2,0.019,0.216,0.121,0.6,0,0,0,0
30701-5-11-2017,6,30,1,0,2,0,1,0,0,0,0,0,0,12950.1096,2017,5,11,0.35483871,,1484.333333,0,,0,445.3,2.333333333,0.798,0,0.638,1,0.766,1,0.016,1
30701-5-12-2017,6,30,1,0,2,0,1,0,0,0,0,0,0,12950.1096,2017,6,12,0.387096774,,1449.666667,212.6666667,,5.81661442,453.3636364,2.197580376,0,0,0,0,0,0,0,0
30701-5-13-2017,6,30,1,0,2,0,1,0,0,0,0,0,0,12950.1096,2017,7,13,0.419354839,,1362,694,,0.962536023,514,1.649805447,0.655,0.226,0.759,0.8,0.6,0.2,0.988,1
30701-5-14-2017,6,30,1,0,2,0,1,0,0,0,0,0,0,12950.1096,2017,1,14,0.451612903,,745.6666667,1484.333333,,-0.497642039,514.6153846,0.448978575,0.005,0,0.019,0,0,0,0,0
30701-5-15-2017,6,30,1,0,2,0,1,0,0,0,0,0,0,12950.1096,2017,2,15,0.483870968,,658.6666667,1449.666667,,-0.545642676,497.3571429,0.324333381,0,0,0,0,0,0,0,0
30701-5-16-2017,6,30,1,0,2,0,1,0,0,0,0,0,0,12950.1096,2017,3,16,0.516129032,,421.6666667,1362,,-0.690406265,495.5333333,-0.14906498,0.676,0.985,0.474,0.25,0.223,0,0.876,0.75
30701-5-17-2017,6,30,1,0,2,0,1,0,0,0,0,0,0,12950.1096,2017,4,17,0.548387097,,537.6666667,745.6666667,,-0.278945016,518.9375,0.036091373,0.649,0,0.476,0.25,0.584,0.5,0.444,0.5
30701-5-18-2017,6,30,1,0,2,0,1,0,0,0,0,0,0,12950.1096,2017,5,18,0.580645161,,534.3333333,658.6666667,,-0.188765182,503.8823529,0.060432718,0.955,0.976,0.976,1,0,0,0,0
30701-5-19-2017,6,30,1,0,2,0,1,0,0,0,0,0,0,12950.1096,2017,6,19,0.612903226,,607.3333333,421.6666667,,0.440316206,514.1666667,0.181199352,0,0,0,0,0,0,0,0
30701-5-20-2017,6,1,1,0,2,0,1,0,0,0,0,0,0,12950.1096,2017,7,20,0.64516129,,396.6666667,537.6666667,,-0.262244265,499.6315789,-0.206081674,0.645,0.103,0.672,0.25,0.748,0.5,0.677,0
30701-5-21-2017,6,2,1,0,2,0,1,0,0,0,0,0,0,12950.1096,2017,1,21,0.677419355,,415.3333333,534.3333333,,-0.222707424,490.6,-0.153417584,0.714,0.271,0.771,0.437,0,0,0,0
30701-5-22-2017,6,3,1,0,2,0,1,0,0,0,0,0,0,12950.1096,2017,2,22,0.709677419,,222.3333333,607.3333333,,-0.633918771,472.4761905,-0.52942955,0.802,0.397,0.846,0.687,0.816,0.625,0.864,0.625
30701-5-23-2017,6,4,1,0,2,0,1,0,0,0,0,0,0,12950.1096,2017,3,23,0.741935484,,214,396.6666667,,-0.460504202,460.6818182,-0.53547114,0.178,0.168,0.157,0.187,0.252,0.25,0.225,0.187
30701-5-24-2017,6,5,1,0,2,0,1,0,0,0,0,0,0,12950.1096,2017,4,24,0.774193548,,355.6666667,415.3333333,,-0.143659711,473,-0.248062016,0,0,0,0,0,0,0,0
30701-5-25-2017,6,6,1,0,2,0,1,0,0,0,0,0,0,12950.1096,2017,5,25,0.806451613,,368.3333333,222.3333333,,0.656671664,459.4583333,-0.198331368,0.251,0.322,0.38,0.437,0.382,0.375,0.471,0.437
30701-5-26-2017,6,7,1,0,2,0,1,0,0,0,0,0,0,12950.1096,2017,6,26,0.838709677,,579,214,,1.705607477,474.88,0.219255391,0.818,0.523,0.801,0.687,0.852,0.75,0.138,0.5
30701-5-27-2017,6,8,1,0,2,0,1,0,0,0,0,0,0,12950.1096,2017,7,27,0.870967742,,406.6666667,355.6666667,,0.14339269,465.3461538,-0.126098576,0,0,0,0,0,0,0,0
30701-5-28-2017,6,9,1,0,2,0,1,0,0,0,0,0,0,12950.1096,2017,1,28,0.903225806,,448,368.3333333,,0.216289593,458.1851852,-0.022229407,0.685,0.397,0.635,0.4,0.733,0.6,0.035,0.4
30701-5-30-2017,6,11,1,0,2,0,1,0,0,0,0,0,0,12950.1096,2017,3,30,0.967741935,,101.6666667,406.6666667,,-0.75,427.7241379,-0.762307858,0,0,0,0,0,0,0,0
30701-5-31-2017,6,12,1,0,2,0,1,0,0,0,0,0,0,12950.1096,2017,4,31,1,,268.3333333,448,,-0.401041667,439.2,-0.38904068,0.561,0,0.635,0,0,0,0,0
30701-5-8-2018,6,30,1,0,2,0,1,0,0,0,0,0,0,12950.1096,2018,3,8,0.258064516,,0,0,,0,0,0,0.607,0.019,0.601,0,0.596,0,0.839,0.6
30701-5-9-2018,6,30,1,0,2,0,1,0,0,0,0,0,0,12950.1096,2018,4,9,0.290322581,,882,0,,0,330.75,1.666666667,0,0,0,0,0,0,0,0
30701-5-10-2018,6,30,1,0,2,0,1,0,0,0,0,0,0,12950.1096,2018,5,10,0.322580645,,1441.666667,0,,0,480.5555556,2,0.658,0.161,0.736,0.75,0,0,0,0
30701-5-11-2018,6,30,1,0,2,0,1,0,0,0,0,0,0,12950.1096,2018,6,11,0.35483871,,1734.666667,0,,0,520.4,2.333333333,0,0,0,0,0,0,0,0
30701-5-12-2018,6,30,1,0,2,0,1,0,0,0,0,0,0,12950.1096,2018,7,12,0.387096774,,1227.666667,882,,0.39191232,575.3636364,1.133723074,0.2,0,0.781,1,0.287,0.25,0.963,1
30701-5-13-2018,6,30,1,0,2,0,1,0,0,0,0,0,0,12950.1096,2018,1,13,0.419354839,,1054.666667,1441.666667,,-0.268439306,624.0833333,0.689945253,0.737,0.242,0.878,0.75,0.768,0.75,0.928,0.75
30701-5-14-2018,6,30,1,0,2,0,1,0,0,0,0,0,0,12950.1096,2018,2,14,0.451612903,,875.6666667,1734.666667,,-0.495196003,602.3846154,0.45366705,0.345,0,0.517,0.5,0.841,1,0.144,0
30701-5-15-2018,6,30,1,0,2,0,1,0,0,0,0,0,0,12950.1096,2018,3,15,0.483870968,,807.3333333,1227.666667,,-0.342383926,625.0714286,0.291585724,0.017,0,0.1,0,0,0,0,0
30701-5-16-2018,6,30,1,0,2,0,1,0,0,0,0,0,0,12950.1096,2018,4,16,0.516129032,,742.3333333,1054.666667,,-0.296144121,647.7333333,0.146047756,0.439,0,0.601,0,0,0,0,0
30701-5-17-2018,6,30,1,0,2,0,1,0,0,0,0,0,0,12950.1096,2018,5,17,0.548387097,,773.6666667,875.6666667,,-0.11648268,634.5,0.219332808,0.505,0.312,0.49,0.5,0.693,0.75,0.249,0.25
30701-5-18-2018,6,30,1,0,2,0,1,0,0,0,0,0,0,12950.1096,2018,6,18,0.580645161,,559.6666667,807.3333333,,-0.306771263,613.5294118,-0.087791627,0.68,0,0.668,0,0.927,1,0.009,0
30701-5-19-2018,6,30,1,0,2,0,1,0,0,0,0,0,0,12950.1096,2018,7,19,0.612903226,,343.6666667,742.3333333,,-0.537045352,597.0555556,-0.424397506,0.668,0,0.69,0.25,0.729,0.25,0.143,0.25
30701-5-20-2018,6,30,1,0,2,0,1,0,0,0,0,0,0,12950.1096,2018,1,20,0.64516129,,325.3333333,773.6666667,,-0.579491598,585.6842105,-0.444524323,0.553,0.319,0.579,0.75,0.71,0.75,0.353,0.25
30701-5-21-2018,6,30,1,0,2,0,1,0,0,0,0,0,0,12950.1096,2018,2,21,0.677419355,,418,559.6666667,,-0.253126861,584.2,-0.284491612,0.204,0.188,0.561,0.75,0,0,0,0
30701-5-22-2018,6,30,1,0,2,0,1,0,0,0,0,0,0,12950.1096,2018,3,22,0.709677419,,530.6666667,343.6666667,,0.544131911,587.5714286,-0.096847394,0.899,0,0.962,1,0.887,1,0.938,1
30701-5-23-2018,6,30,1,0,2,0,1,0,0,0,0,0,0,12950.1096,2018,4,23,0.741935484,,547.3333333,325.3333333,,0.682377049,580.4545455,-0.05706082,0.891,0,0.915,1,0.937,1,0.176,1
30701-5-24-2018,6,30,1,0,2,0,1,0,0,0,0,0,0,12950.1096,2018,5,24,0.774193548,,504.3333333,418,,0.206539075,573.7826087,-0.12103761,0.784,0.562,0.849,0.75,0,0,0,0
30701-5-25-2018,6,30,1,0,2,0,1,0,0,0,0,0,0,12950.1096,2018,6,25,0.806451613,,507,530.6666667,,-0.04459799,577.5,-0.122077922,0.829,0.623,0.901,0.75,0.838,0.687,0.912,0.75
30701-5-26-2018,6,30,1,0,2,0,1,0,0,0,0,0,0,12950.1096,2018,7,26,0.838709677,,540.3333333,547.3333333,,-0.012789281,575.64,-0.06133463,0.624,0.843,0.639,0.812,0.724,0.875,0.394,0.625
30701-5-27-2018,6,30,1,0,2,0,1,0,0,0,0,0,0,12950.1096,2018,1,27,0.870967742,,522.6666667,504.3333333,,0.036351619,567.8846154,-0.07962524,0,0,0,0,0,0,0,0
30701-5-29-2018,6,30,1,0,2,0,1,0,0,0,0,0,0,12950.1096,2018,3,29,0.935483871,,239.6666667,540.3333333,,-0.556446638,539.6428571,-0.555879109,0.605,0.786,0.482,0.562,0.683,0.937,0.256,0.187
30701-5-30-2018,6,30,1,0,2,0,1,0,0,0,0,0,0,12950.1096,2018,4,30,0.967741935,,229,522.6666667,,-0.561862245,532.8275862,-0.570217448,0.871,0.804,0.841,0.812,0.846,0.625,0.231,0.812
30701-5-31-2018,6,30,1,0,2,0,1,0,0,0,0,0,0,12950.1096,2018,5,31,1,,191,416.6666667,,-0.5416,522.7666667,-0.63463623,0,0,0,0,0,0,0,0
30739-5-8-2017,6,30,1,0,2,0,1,0,0,0,0,0,0,4274.582621,2017,2,8,0.258064516,,0,0,,0,0,0,0.895,0.736,0.942,1,0,0,0,0
30739-5-9-2017,6,30,1,0,2,0,1,0,0,0,0,0,0,4274.582621,2017,3,9,0.290322581,,326.3333333,0,,0,122.375,1.666666667,0.834,0.962,0.851,1,0.731,1,0.785,1
30739-5-10-2017,6,30,1,0,2,0,1,0,0,0,0,0,0,4274.582621,2017,4,10,0.322580645,,737.6666667,0,,0,245.8888889,2,0.681,0.176,0.731,0.6,0,0,0,0
30739-5-11-2017,6,30,1,0,2,0,1,0,0,0,0,0,0,4274.582621,2017,5,11,0.35483871,,1137.333333,0,,0,341.2,2.333333333,0.731,0.829,0.668,0.4,0.766,0.8,0.069,0.4
30739-5-12-2017,6,30,1,0,2,0,1,0,0,0,0,0,0,4274.582621,2017,6,12,0.387096774,,1049,326.3333333,,2.214504597,375.0909091,1.796655356,0.014,0,0.092,0.2,0,0,0,0
30739-5-13-2017,6,30,1,0,2,0,1,0,0,0,0,0,0,4274.582621,2017,7,13,0.419354839,,1111.666667,737.6666667,,0.507004067,462.3333333,1.404470079,0,0,0,0,0,0,0,0
30739-5-14-2017,6,30,1,0,2,0,1,0,0,0,0,0,0,4274.582621,2017,1,14,0.451612903,,1288,1137.333333,,0.132473623,559.6923077,1.301264431,0.183,0.225,0.247,0.312,0.21,0.25,0.675,0.75
30739-5-15-2017,6,30,1,0,2,0,1,0,0,0,0,0,0,4274.582621,2017,2,15,0.483870968,,1193.666667,1049,,0.13790912,550.5,1.16833182,0.792,0.362,0.84,0.562,0.774,0.437,0.9,0.937
30739-5-16-2017,6,30,1,0,2,0,1,0,0,0,0,0,0,4274.582621,2017,3,16,0.516129032,,932.6666667,1111.666667,,-0.16101949,556.4,0.676252097,0.17,0.198,0.133,0.125,0.287,0.25,0.229,0.062
30739-5-17-2017,6,30,1,0,2,0,1,0,0,0,0,0,0,4274.582621,2017,4,17,0.548387097,,1885,1288,,0.463509317,808.1875,1.332379553,0,0,0,0,0,0,0,0
30739-5-18-2017,6,30,1,0,2,0,1,0,0,0,0,0,0,4274.582621,2017,5,18,0.580645161,,2103.666667,1193.666667,,0.762356884,824.5882353,1.551172302,0.801,0.387,0.84,0.625,0.753,0.312,0.899,0.812
30739-5-19-2017,6,30,1,0,2,0,1,0,0,0,0,0,0,4274.582621,2017,6,19,0.612903226,,2280,932.6666667,,1.444603288,843.6666667,1.702489135,0,0,0,0,0,0,0,0
30739-5-20-2017,6,30,1,0,2,0,1,0,0,0,0,0,0,4274.582621,2017,7,20,0.64516129,,1087,1885,,-0.423342175,852.2105263,0.275506423,0.716,0.403,0.811,0.75,0,0,0,0
30739-5-21-2017,6,30,1,0,2,0,1,0,0,0,0,0,0,4274.582621,2017,1,21,0.677419355,,1523.333333,2103.666667,,-0.275867533,929.4,0.639050283,0,0,0,0,0,0,0,0
30739-5-22-2017,6,30,1,0,2,0,1,0,0,0,0,0,0,4274.582621,2017,2,22,0.709677419,,1438,2280,,-0.369298246,928.5714286,0.548615385,0.51,0.985,0.439,0.5,0.446,1,0.514,0.25
30739-5-23-2017,6,30,1,0,2,0,1,0,0,0,0,0,0,4274.582621,2017,3,23,0.741935484,,1440.666667,1087,,0.325360319,932.4545455,0.545026161,0.795,0.688,0.735,0.75,0.818,0.75,0.085,0.25
30739-5-24-2017,6,30,1,0,2,0,1,0,0,0,0,0,0,4274.582621,2017,4,24,0.774193548,,1165,1523.333333,,-0.235229759,960.1304348,0.213376806,0,0,0,0,0,0,0,0
30739-5-25-2017,6,30,1,0,2,0,1,0,0,0,0,0,0,4274.582621,2017,5,25,0.806451613,,1165.666667,1438,,-0.189383403,958.2083333,0.216506501,0,0,0,0,0,0,0,0
30739-5-26-2017,6,30,1,0,2,0,1,0,0,0,0,0,0,4274.582621,2017,6,26,0.838709677,,1060,1440.666667,,-0.264229523,947.76,0.118426606,0.714,0.9,0.779,0.937,0.667,0.875,0.629,0.625
30739-5-27-2017,6,30,1,0,2,0,1,0,0,0,0,0,0,4274.582621,2017,7,27,0.870967742,,800.6666667,1165,,-0.312732475,941.7307692,-0.14979239,0.895,0.885,0.844,0.812,0.907,0.937,0.106,0.125
30739-5-28-2017,6,30,1,0,2,0,1,0,0,0,0,0,0,4274.582621,2017,1,28,0.903225806,,1232.333333,1165.666667,,0.057191879,988.6666667,0.246459879,0.826,0.989,0.94,1,0.683,1,0.918,0.937
30739-5-30-2017,6,30,1,0,2,0,1,0,0,0,0,0,0,4274.582621,2017,3,30,0.967741935,,983.6666667,800.6666667,,0.228559534,946.0689655,0.039740973,0.879,0.87,0.828,0.875,0.851,0.75,0.186,0.437
30739-5-31-2017,6,30,1,0,2,0,1,0,0,0,0,0,0,4274.582621,2017,4,31,1,,463.6666667,1232.333333,,-0.623748986,936.1666667,-0.504717821,0,0,0,0,0,0,0,0
30739-5-8-2018,6,30,1,0,2,0,1,0,0,0,0,0,0,4274.582621,2018,3,8,0.258064516,,0,0,,0,0,0,0,0,0,0,0,0,0,0
30739-5-9-2018,6,30,1,0,2,0,1,0,0,0,0,0,0,4274.582621,2018,4,9,0.290322581,,450.6666667,0,,0,169,1.666666667,0,0,0,0,0,0,0,0
30739-5-10-2018,6,30,1,0,2,0,1,0,0,0,0,0,0,4274.582621,2018,5,10,0.322580645,,1049,0,,0,349.6666667,2,0.778,0.531,0.869,0.875,0,0,0,0
30739-5-11-2018,6,30,1,0,2,0,1,0,0,0,0,0,0,4274.582621,2018,6,11,0.35483871,,1562.333333,0,,0,468.7,2.333333333,0.449,0.489,0.666,0.75,0,0,0,0
30739-5-12-2018,6,30,1,0,2,0,1,0,0,0,0,0,0,4274.582621,2018,7,12,0.387096774,,1725.666667,450.6666667,,2.829142012,593.5454545,1.907387553,0.897,0.915,0.894,0.937,0.926,1,0.164,0.312
30739-5-13-2018,6,30,1,0,2,0,1,0,0,0,0,0,0,4274.582621,2018,1,13,0.419354839,,2140,1049,,1.040038132,797.25,1.68422703,0.605,0.773,0.555,0.687,0.627,0.812,0.444,0.562
30739-5-14-2018,6,30,1,0,2,0,1,0,0,0,0,0,0,4274.582621,2018,2,14,0.451612903,,1780,1562.333333,,0.139321528,771.3076923,1.307769024,0.892,0,0.914,1,0.809,0.562,0.946,1
30739-5-15-2018,6,30,1,0,2,0,1,0,0,0,0,0,0,4274.582621,2018,3,15,0.483870968,,1555,1725.666667,,-0.098898976,799.5714286,0.944791853,0,0,0,0,0,0,0,0
30739-5-16-2018,6,30,1,0,2,0,1,0,0,0,0,0,0,4274.582621,2018,4,16,0.516129032,,1026.666667,2140,,-0.520249221,843.1333333,0.217680082,0.678,0.279,0.755,0.5,0,0,0,0
30739-5-17-2018,6,30,1,0,2,0,1,0,0,0,0,0,0,4274.582621,2018,5,17,0.548387097,,1303.666667,1780,,-0.267602996,871.125,0.496532262,0,0,0,0,0,0,0,0
30739-5-18-2018,6,30,1,0,2,0,1,0,0,0,0,0,0,4274.582621,2018,6,18,0.580645161,,1262.333333,1555,,-0.188210075,881.2352941,0.432458892,0.357,0.483,0.39,0.5,0.288,0.25,0.617,1
30739-5-19-2018,6,30,1,0,2,0,1,0,0,0,0,0,0,4274.582621,2018,7,19,0.612903226,,1099,1026.666667,,0.070454545,885.7777778,0.240717511,0.025,0,0.154,0,0.156,0.333,0.418,0.333
30739-5-20-2018,6,30,1,0,2,0,1,0,0,0,0,0,0,4274.582621,2018,1,20,0.64516129,,1532,1303.666667,,0.175147021,975.4736842,0.570519046,0,0,0,0,0,0,0,0
30739-5-21-2018,6,30,1,0,2,0,1,0,0,0,0,0,0,4274.582621,2018,2,21,0.677419355,,1307.666667,1262.333333,,0.035912332,945.2,0.38348145,0.054,0.005,0.255,0,0.025,0,0.982,0.75
30739-5-22-2018,6,30,1,0,2,0,1,0,0,0,0,0,0,4274.582621,2018,3,22,0.709677419,,1295.666667,1099,,0.178950561,944.3333333,0.37204377,0.598,0.002,0.658,0,0.585,0,0.983,1
30739-5-23-2018,6,30,1,0,2,0,1,0,0,0,0,0,0,4274.582621,2018,4,23,0.741935484,,1632.666667,1532,,0.065709312,1065.090909,0.532889496,0.648,0,0.705,0,0.664,0,0.905,1
30739-5-24-2018,6,30,1,0,2,0,1,0,0,0,0,0,0,4274.582621,2018,5,24,0.774193548,,1848.666667,1307.666667,,0.413713994,1063.043478,0.739032038,0.502,0,0.607,0,0.415,0,0.765,0
30739-5-25-2018,6,30,1,0,2,0,1,0,0,0,0,0,0,4274.582621,2018,6,25,0.806451613,,1838,1295.666667,,0.418574736,1056.041667,0.74046163,0.814,0.473,0.861,0.5,0.791,0.5,0.901,0.5
30739-5-26-2018,6,30,1,0,2,0,1,0,0,0,0,0,0,4274.582621,2018,7,26,0.838709677,,982.6666667,1632.666667,,-0.398121682,1055.2,-0.068738944,0.631,0,0.779,0.5,0.66,1,0.767,0.5
30739-5-27-2018,6,30,1,0,2,0,1,0,0,0,0,0,0,4274.582621,2018,1,27,0.870967742,,945.3333333,1848.666667,,-0.488640462,1049.461538,-0.099220602,0.674,0.17,0.706,0.187,0.63,0.187,0.946,0.937
30739-5-29-2018,6,30,1,0,2,0,1,0,0,0,0,0,0,4274.582621,2018,3,29,0.935483871,,515,982.6666667,,-0.475915875,997.3214286,-0.483616831,0.23,0.292,0.698,0.933,0.145,0.133,0.969,1
30739-5-30-2018,6,30,1,0,2,0,1,0,0,0,0,0,0,4274.582621,2018,4,30,0.967741935,,445,945.3333333,,-0.529266573,986.9310345,-0.549107299,0,0,0,0,0,0,0,0
30739-5-31-2018,6,30,1,0,2,0,1,0,0,0,0,0,0,4274.582621,2018,5,31,1,,885.6666667,860,,0.029844961,1019.4,-0.131188281,0.374,0.396,0.531,0.733,0.638,0.866,0.379,0.2
649284-5-8-2017,6,30,1,0,2,0,1,0,0,0,0,0,0,1606.646005,2017,2,8,0.258064516,,0,0,,0,0,0,0.697,0.198,0.707,0.312,0.847,0.75,0.041,0.125
649284-5-9-2017,6,30,1,0,2,0,1,0,0,0,0,0,0,1606.646005,2017,3,9,0.290322581,,620.6666667,0,,0,232.75,1.666666667,0,0,0,0,0,0,0,0
649284-5-10-2017,6,30,1,0,2,0,1,0,0,0,0,0,0,1606.646005,2017,4,10,0.322580645,,1237.666667,0,,0,412.5555556,2,0.436,0.09,0.644,0.312,0,0,0,0
649284-5-11-2017,6,30,1,0,2,0,1,0,0,0,0,0,0,1606.646005,2017,5,11,0.35483871,,1454.333333,0,,0,436.3,2.333333333,0,0,0,0,0,0,0,0
649284-5-12-2017,6,30,1,0,2,0,1,0,0,0,0,0,0,1606.646005,2017,6,12,0.387096774,,1398.333333,620.6666667,,1.252953813,550.6363636,1.539485994,0.15,0.04,0.201,0.058,0.089,0.058,0.868,0.764
649284-5-13-2017,6,30,1,0,2,0,1,0,0,0,0,0,0,1606.646005,2017,7,13,0.419354839,,1360,1237.666667,,0.098841907,649.4166667,1.094187091,0.223,0.117,0.471,0.235,0.316,0.411,0.739,0.588
649284-5-14-2017,6,30,1,0,2,0,1,0,0,0,0,0,0,1606.646005,2017,1,14,0.451612903,,2791.666667,1454.333333,,0.919550768,979.8461538,1.849086722,0.279,0.181,0.407,0.47,0.316,0.294,0.664,0.411
649284-5-15-2017,6,30,1,0,2,0,1,0,0,0,0,0,0,1606.646005,2017,2,15,0.483870968,,2453.333333,1398.333333,,0.754469607,958.3571429,1.559936399,0,0,0,0,0,0,0,0
649284-5-16-2017,6,30,1,0,2,0,1,0,0,0,0,0,0,1606.646005,2017,3,16,0.516129032,,2185.333333,1360,,0.606862745,956.6,1.284479755,0.873,0,0.934,1,0.81,1,0.966,1
649284-5-17-2017,6,30,1,0,2,0,1,0,0,0,0,0,0,1606.646005,2017,4,17,0.548387097,,1133.333333,2791.666667,,-0.594029851,1008.625,0.123641922,0.624,0,0.833,1,0.525,1,0.906,1
649284-5-18-2017,6,30,1,0,2,0,1,0,0,0,0,0,0,1606.646005,2017,5,18,0.580645161,,1321,2453.333333,,-0.461548913,1022.352941,0.292117376,0.853,0.855,0.822,0.5,0.927,1,0.05,0
649284-5-19-2017,6,30,1,0,2,0,1,0,0,0,0,0,0,1606.646005,2017,6,19,0.612903226,,1323,2185.333333,,-0.394600366,1017.666667,0.300032755,0.865,0,0.848,1,0.9,1,0.137,0
649284-5-20-2017,6,30,1,0,2,0,1,0,0,0,0,0,0,1606.646005,2017,7,20,0.64516129,,1252.333333,1133.333333,,0.105,1047.105263,0.195995644,0.615,0.869,0.424,0,0.559,0.5,0.327,0
649284-5-21-2017,6,30,1,0,2,0,1,0,0,0,0,0,0,1606.646005,2017,1,21,0.677419355,,1676.666667,1321,,0.269240474,1120.5,0.496355794,0.77,0,0.871,1,0.685,0.2,0.966,1
649284-5-22-2017,6,30,1,0,2,0,1,0,0,0,0,0,0,1606.646005,2017,2,22,0.709677419,,1746,1323,,0.319727891,1121.714286,0.556546103,0.015,0,0.094,0.4,0,0,0,0
649284-5-23-2017,6,30,1,0,2,0,1,0,0,0,0,0,0,1606.646005,2017,3,23,0.741935484,,1537,1252.333333,,0.227309023,1113.909091,0.379825349,0,0,0,0,0,0,0,0
649284-5-24-2017,6,30,1,0,2,0,1,0,0,0,0,0,0,1606.646005,2017,4,24,0.774193548,,1115.333333,1676.666667,,-0.334791252,1119.826087,-0.00401201,0.65,0.695,0.79,0.823,0.635,0.764,0.802,0.647
649284-5-25-2017,6,30,1,0,2,0,1,0,0,0,0,0,0,1606.646005,2017,5,25,0.806451613,,1029,1746,,-0.410652921,1110.125,-0.073077356,0,0,0,0,0,0,0,0
649284-5-26-2017,6,30,1,0,2,0,1,0,0,0,0,0,0,1606.646005,2017,6,26,0.838709677,,1121.333333,1537,,-0.270440252,1114.8,0.005860543,0.728,0.985,0.895,1,0.777,0.857,0.76,0.714
649284-5-27-2017,6,30,1,0,2,0,1,0,0,0,0,0,0,1606.646005,2017,7,27,0.870967742,,1137.333333,1115.333333,,0.019725045,1121.846154,0.013805083,0,0,0,0,0,0,0,0
649284-5-28-2017,6,30,1,0,2,0,1,0,0,0,0,0,0,1606.646005,2017,1,28,0.903225806,,1338,1029,,0.300291545,1135.444444,0.178393189,0,0,0,0,0,0,0,0
649284-5-30-2017,6,30,1,0,2,0,1,0,0,0,0,0,0,1606.646005,2017,3,30,0.967741935,,642,1137.333333,,-0.435521688,1072.206897,-0.401234965,0.381,0.369,0.374,0.352,0.484,0.47,0.366,0.411
649284-5-31-2017,6,30,1,0,2,0,1,0,0,0,0,0,0,1606.646005,2017,4,31,1,,451,1338,,-0.662929746,1067,-0.577319588,0.472,0.606,0.64,0.705,0.196,0.235,0.955,1
649284-5-8-2018,6,30,1,0,2,0,1,0,0,0,0,0,0,1606.646005,2018,3,8,0.258064516,,0,0,,0,0,0,0.836,0.359,0.877,0.47,0.914,0.647,0.151,0.235
649284-5-9-2018,6,30,1,0,2,0,1,0,0,0,0,0,0,1606.646005,2018,4,9,0.290322581,,531.3333333,0,,0,199.25,1.666666667,0,0,0,0,0,0,0,0
649284-5-10-2018,6,30,1,0,2,0,1,0,0,0,0,0,0,1606.646005,2018,5,10,0.322580645,,1020.666667,0,,0,340.2222222,2,0.857,0,0.651,1,0.666,1,0.767,1
649284-5-11-2018,6,30,1,0,2,0,1,0,0,0,0,0,0,1606.646005,2018,6,11,0.35483871,,1710.333333,0,,0,513.1,2.333333333,0.218,0,0.251,1,0.371,1,0.264,1
649284-5-12-2018,6,30,1,0,2,0,1,0,0,0,0,0,0,1606.646005,2018,7,12,0.387096774,,2027.666667,531.3333333,,2.816185696,697.9090909,1.90534497,0.765,0,0.583,1,0.69,1,0.009,1
649284-5-13-2018,6,30,1,0,2,0,1,0,0,0,0,0,0,1606.646005,2018,1,13,0.419354839,,2545.666667,1020.666667,,1.494121489,891.5833333,1.855220114,0,0,0,0,0,0,0,0
649284-5-14-2018,6,30,1,0,2,0,1,0,0,0,0,0,0,1606.646005,2018,2,14,0.451612903,,2397,1710.333333,,0.401481193,947.8461538,1.528891414,0.163,0,0.224,1,0.45,1,0.156,1
649284-5-15-2018,6,30,1,0,2,0,1,0,0,0,0,0,0,1606.646005,2018,3,15,0.483870968,,2101,2027.666667,,0.036166365,998.5714286,1.104005722,0.318,0,0.202,1,0.355,1,0.202,1
649284-5-16-2018,6,30,1,0,2,0,1,0,0,0,0,0,0,1606.646005,2018,4,16,0.516129032,,1471,2545.666667,,-0.422155297,1007.466667,0.460097935,0,0,0,0,0,0,0,0
649284-5-17-2018,6,30,1,0,2,0,1,0,0,0,0,0,0,1606.646005,2018,5,17,0.548387097,,1349,2397,,-0.437213183,1023.0625,0.318590018,0,0,0,0,0,0,0,0
649284-5-18-2018,6,30,1,0,2,0,1,0,0,0,0,0,0,1606.646005,2018,6,18,0.580645161,,1183.333333,2101,,-0.436776138,1031.176471,0.14755657,0,0,0,1,0,1,0,1
649284-5-19-2018,6,30,1,0,2,0,1,0,0,0,0,0,0,1606.646005,2018,7,19,0.612903226,,1320,1471,,-0.102651258,1059.555556,0.245805369,0,0,0,0,0,0,0,0
649284-5-20-2018,6,30,1,0,2,0,1,0,0,0,0,0,0,1606.646005,2018,1,20,0.64516129,,1679.666667,1349,,0.245119842,1126.736842,0.490735551,0,0,0,0,0,0,0,0
649284-5-21-2018,6,30,1,0,2,0,1,0,0,0,0,0,0,1606.646005,2018,2,21,0.677419355,,1800.333333,1183.333333,,0.521408451,1146.55,0.5702179,0.397,0.41,0.328,0.2,0.578,0.6,0.185,0
649284-5-22-2018,6,30,1,0,2,0,1,0,0,0,0,0,0,1606.646005,2018,3,22,0.709677419,,1682,1320,,0.274242424,1148.47619,0.464549299,0.789,0.595,0.844,1,0.831,0.6,0.249,0.8
649284-5-23-2018,6,30,1,0,2,0,1,0,0,0,0,0,0,1606.646005,2018,4,23,0.741935484,,1383,1679.666667,,-0.176622346,1161.681818,0.190515319,0.611,0.109,0.647,0.176,0.686,0.352,0.7,0.235
649284-5-24-2018,6,30,1,0,2,0,1,0,0,0,0,0,0,1606.646005,2018,5,24,0.774193548,,1368.666667,1800.333333,,-0.239770413,1175.521739,0.164305705,0.659,0.116,0.67,0.117,0.801,0.176,0.042,0.117
649284-5-25-2018,6,30,1,0,2,0,1,0,0,0,0,0,0,1606.646005,2018,6,25,0.806451613,,1399.666667,1682,,-0.167855727,1179.875,0.186283858,0.701,0.056,0.729,0.058,0.773,0.117,0.112,0.176
649284-5-26-2018,6,30,1,0,2,0,1,0,0,0,0,0,0,1606.646005,2018,7,26,0.838709677,,1585.333333,1383,,0.146300313,1212.52,0.307469842,0,0,0,0,0,0,0,0
649284-5-27-2018,6,30,1,0,2,0,1,0,0,0,0,0,0,1606.646005,2018,1,27,0.870967742,,1672.333333,1368.666667,,0.221870434,1232.846154,0.35648177,0,0,0,0,0,0,0,0
649284-5-29-2018,6,30,1,0,2,0,1,0,0,0,0,0,0,1606.646005,2018,3,29,0.935483871,,897.3333333,1585.333333,,-0.433978133,1178.75,-0.238741605,0.509,0.658,0.696,1,0,0,0,0
649284-5-30-2018,6,30,1,0,2,0,1,0,0,0,0,0,0,1606.646005,2018,4,30,0.967741935,,635.6666667,1672.333333,,-0.619892366,1171.068966,-0.457191092,0,0,0,0,0,0,0,0
649284-5-31-2018,6,30,1,0,2,0,1,0,0,0,0,0,0,1606.646005,2018,5,31,1,,1532,1562.666667,,-0.019624573,1253.366667,0.222307917,0.651,0.21,0.692,0.333,0.702,0.444,0.786,0.444
